track_id,track_name,main_artist,artists,artist_ids,album_id,album_name,duration_ms,explicit,track_number,spotify_url
5TFD2bmFKGhoCRbX61nXY5,NUEVAYoL,Bad Bunny,Bad Bunny,4q3ewBCX7sLwd24euuV69X,5K79FLRUCSysQnVESLcTdb,DeBÍ TiRAR MáS FOToS,183685,False,1,https://open.spotify.com/track/5TFD2bmFKGhoCRbX61nXY5
59D4DOkspUbWyMmbAPQkxZ,VOY A LLeVARTE PA PR,Bad Bunny,Bad Bunny,4q3ewBCX7sLwd24euuV69X,5K79FLRUCSysQnVESLcTdb,DeBÍ TiRAR MáS FOToS,156364,True,2,https://open.spotify.com/track/59D4DOkspUbWyMmbAPQkxZ
2lTm559tuIvatlT1u0JYG2,BAILE INoLVIDABLE,Bad Bunny,Bad Bunny,4q3ewBCX7sLwd24euuV69X,5K79FLRUCSysQnVESLcTdb,DeBÍ TiRAR MáS FOToS,367725,True,3,https://open.spotify.com/track/2lTm559tuIvatlT1u0JYG2
1Q9Efnm5csdCMFynISxL2x,PERFuMITO NUEVO,Bad Bunny,"Bad Bunny, RaiNao","4q3ewBCX7sLwd24euuV69X, 42LEQxfXLEuzdqorKBbUVN",5K79FLRUCSysQnVESLcTdb,DeBÍ TiRAR MáS FOToS,200680,True,4,https://open.spotify.com/track/1Q9Efnm5csdCMFynISxL2x
5WEF0icHWmAZBBMglBd599,WELTiTA,Bad Bunny,"Bad Bunny, Chuwi","4q3ewBCX7sLwd24euuV69X, 6wF1Cz760dpdbX9RJIDpQW",5K79FLRUCSysQnVESLcTdb,DeBÍ TiRAR MáS FOToS,187507,False,5,https://open.spotify.com/track/5WEF0icHWmAZBBMglBd599
7d6yK8v8J484SWH5prIQiE,VeLDÁ,Bad Bunny,"Bad Bunny, Omar Courtz, Dei V","4q3ewBCX7sLwd24euuV69X, 3E12tRURRvPfHz0hAMCFYc, 2YRyPiW98bpkARAS4B3OQP",5K79FLRUCSysQnVESLcTdb,DeBÍ TiRAR MáS FOToS,235336,True,6,https://open.spotify.com/track/7d6yK8v8J484SWH5prIQiE
0iKo4pNNjHHdKUcFARlfCa,EL CLúB,Bad Bunny,Bad Bunny,4q3ewBCX7sLwd24euuV69X,5K79FLRUCSysQnVESLcTdb,DeBÍ TiRAR MáS FOToS,222568,True,7,https://open.spotify.com/track/0iKo4pNNjHHdKUcFARlfCa
4c2Pc0NrfkesPR0jff6q3F,KETU TeCRÉ,Bad Bunny,Bad Bunny,4q3ewBCX7sLwd24euuV69X,5K79FLRUCSysQnVESLcTdb,DeBÍ TiRAR MáS FOToS,250789,True,8,https://open.spotify.com/track/4c2Pc0NrfkesPR0jff6q3F
79x7xtoCLpf6l32Zz6mWo4,BOKeTE,Bad Bunny,Bad Bunny,4q3ewBCX7sLwd24euuV69X,5K79FLRUCSysQnVESLcTdb,DeBÍ TiRAR MáS FOToS,215983,True,9,https://open.spotify.com/track/79x7xtoCLpf6l32Zz6mWo4
4MUrUT38U98olfnyzMBCzm,KLOuFRENS,Bad Bunny,Bad Bunny,4q3ewBCX7sLwd24euuV69X,5K79FLRUCSysQnVESLcTdb,DeBÍ TiRAR MáS FOToS,199114,True,10,https://open.spotify.com/track/4MUrUT38U98olfnyzMBCzm
7tCuCjhxzjX2XCz4JiiAsp,TURiSTA,Bad Bunny,Bad Bunny,4q3ewBCX7sLwd24euuV69X,5K79FLRUCSysQnVESLcTdb,DeBÍ TiRAR MáS FOToS,190028,False,11,https://open.spotify.com/track/7tCuCjhxzjX2XCz4JiiAsp
6VNXmo59yDYgcwLS17UNAW,CAFé CON RON,Bad Bunny,"Bad Bunny, Los Pleneros de la Cresta","4q3ewBCX7sLwd24euuV69X, 1uZVxckdGGKhFMpCnupXmP",5K79FLRUCSysQnVESLcTdb,DeBÍ TiRAR MáS FOToS,228836,False,12,https://open.spotify.com/track/6VNXmo59yDYgcwLS17UNAW
14QaXYIK3K3QPtezqxRRPN,PIToRRO DE COCO,Bad Bunny,Bad Bunny,4q3ewBCX7sLwd24euuV69X,5K79FLRUCSysQnVESLcTdb,DeBÍ TiRAR MáS FOToS,206627,False,13,https://open.spotify.com/track/14QaXYIK3K3QPtezqxRRPN
1Hg0e997pObvZ91w1FCPFk,LO QUE LE PASÓ A HAWAii,Bad Bunny,Bad Bunny,4q3ewBCX7sLwd24euuV69X,5K79FLRUCSysQnVESLcTdb,DeBÍ TiRAR MáS FOToS,229381,False,14,https://open.spotify.com/track/1Hg0e997pObvZ91w1FCPFk
6J5kc12BW5HuP3d7C3vvx8,EoO,Bad Bunny,Bad Bunny,4q3ewBCX7sLwd24euuV69X,5K79FLRUCSysQnVESLcTdb,DeBÍ TiRAR MáS FOToS,204768,True,15,https://open.spotify.com/track/6J5kc12BW5HuP3d7C3vvx8
3sK8wGT43QFpWrvNQsrQya,DtMF,Bad Bunny,Bad Bunny,4q3ewBCX7sLwd24euuV69X,5K79FLRUCSysQnVESLcTdb,DeBÍ TiRAR MáS FOToS,237117,True,16,https://open.spotify.com/track/3sK8wGT43QFpWrvNQsrQya
3G7agPwWfcORnWCAGMDOpm,LA MuDANZA,Bad Bunny,Bad Bunny,4q3ewBCX7sLwd24euuV69X,5K79FLRUCSysQnVESLcTdb,DeBÍ TiRAR MáS FOToS,213010,True,17,https://open.spotify.com/track/3G7agPwWfcORnWCAGMDOpm
23d8v6tU6lR77pFKsApMtF,NADIE SABE,Bad Bunny,Bad Bunny,4q3ewBCX7sLwd24euuV69X,4FftCsAcXXD1nFO9RFUNFO,nadie sabe lo que va a pasar mañana,379058,True,1,https://open.spotify.com/track/23d8v6tU6lR77pFKsApMtF
4MjDJD8cW7iVeWInc2Bdyj,MONACO,Bad Bunny,Bad Bunny,4q3ewBCX7sLwd24euuV69X,4FftCsAcXXD1nFO9RFUNFO,nadie sabe lo que va a pasar mañana,267194,True,2,https://open.spotify.com/track/4MjDJD8cW7iVeWInc2Bdyj
3nNmRE0DxHC6ZaKkrpUumS,FINA,Bad Bunny,"Bad Bunny, Young Miko","4q3ewBCX7sLwd24euuV69X, 3qsKSpcV3ncke3hw52JSMB",4FftCsAcXXD1nFO9RFUNFO,nadie sabe lo que va a pasar mañana,216327,True,3,https://open.spotify.com/track/3nNmRE0DxHC6ZaKkrpUumS
4qSEvFGCpde73gqIuq3sho,HIBIKI,Bad Bunny,"Bad Bunny, Mora","4q3ewBCX7sLwd24euuV69X, 0Q8NcsJwoCbZOHHW63su5S",4FftCsAcXXD1nFO9RFUNFO,nadie sabe lo que va a pasar mañana,208000,True,4,https://open.spotify.com/track/4qSEvFGCpde73gqIuq3sho
1ODFVLQszq0hCOdZtqV5wq,MR. OCTOBER,Bad Bunny,Bad Bunny,4q3ewBCX7sLwd24euuV69X,4FftCsAcXXD1nFO9RFUNFO,nadie sabe lo que va a pasar mañana,189258,True,5,https://open.spotify.com/track/1ODFVLQszq0hCOdZtqV5wq
4Jc7252S1P99DjQ1lNGEOc,CYBERTRUCK,Bad Bunny,Bad Bunny,4q3ewBCX7sLwd24euuV69X,4FftCsAcXXD1nFO9RFUNFO,nadie sabe lo que va a pasar mañana,191959,True,6,https://open.spotify.com/track/4Jc7252S1P99DjQ1lNGEOc
0rDQZJtSGgsB2rdkObpdFa,VOU 787,Bad Bunny,Bad Bunny,4q3ewBCX7sLwd24euuV69X,4FftCsAcXXD1nFO9RFUNFO,nadie sabe lo que va a pasar mañana,123643,True,7,https://open.spotify.com/track/0rDQZJtSGgsB2rdkObpdFa
1YnChEM51BVZ5dRhbVFEMl,SEDA,Bad Bunny,"Bad Bunny, Bryant Myers","4q3ewBCX7sLwd24euuV69X, 6w9ToX5slZ4uIdmD17hJ3c",4FftCsAcXXD1nFO9RFUNFO,nadie sabe lo que va a pasar mañana,190476,True,8,https://open.spotify.com/track/1YnChEM51BVZ5dRhbVFEMl
1U3A66OHQyTu4N2QTMsP86,GRACIAS POR NADA,Bad Bunny,Bad Bunny,4q3ewBCX7sLwd24euuV69X,4FftCsAcXXD1nFO9RFUNFO,nadie sabe lo que va a pasar mañana,177450,True,9,https://open.spotify.com/track/1U3A66OHQyTu4N2QTMsP86
01ppKlDRCmPpusO3yNrSRY,TELEFONO NUEVO,Bad Bunny,"Bad Bunny, Luar La L","4q3ewBCX7sLwd24euuV69X, 4axKuDPr6WKcDCyh8vueTY",4FftCsAcXXD1nFO9RFUNFO,nadie sabe lo que va a pasar mañana,354784,True,10,https://open.spotify.com/track/01ppKlDRCmPpusO3yNrSRY
3NhstUmrlhaN1M6hP8zMbb,BABY NUEVA,Bad Bunny,Bad Bunny,4q3ewBCX7sLwd24euuV69X,4FftCsAcXXD1nFO9RFUNFO,nadie sabe lo que va a pasar mañana,240773,True,11,https://open.spotify.com/track/3NhstUmrlhaN1M6hP8zMbb
3TYOH7ta0101NYssoH5GlU,MERCEDES CAROTA,Bad Bunny,"Bad Bunny, YOVNGCHIMI","4q3ewBCX7sLwd24euuV69X, 4aSlfXDn9R60UlbZEboBUy",4FftCsAcXXD1nFO9RFUNFO,nadie sabe lo que va a pasar mañana,202635,True,12,https://open.spotify.com/track/3TYOH7ta0101NYssoH5GlU
7ucEkWU0SVy0XFdfXESgfY,LOS PITS,Bad Bunny,Bad Bunny,4q3ewBCX7sLwd24euuV69X,4FftCsAcXXD1nFO9RFUNFO,nadie sabe lo que va a pasar mañana,250851,True,13,https://open.spotify.com/track/7ucEkWU0SVy0XFdfXESgfY
3mRF0YNsDdFKFnxwg16hSz,VUELVE CANDY B,Bad Bunny,Bad Bunny,4q3ewBCX7sLwd24euuV69X,4FftCsAcXXD1nFO9RFUNFO,nadie sabe lo que va a pasar mañana,266171,True,14,https://open.spotify.com/track/3mRF0YNsDdFKFnxwg16hSz
5qzLdvRViHUrRNdkpakG7C,BATICANO,Bad Bunny,Bad Bunny,4q3ewBCX7sLwd24euuV69X,4FftCsAcXXD1nFO9RFUNFO,nadie sabe lo que va a pasar mañana,256000,True,15,https://open.spotify.com/track/5qzLdvRViHUrRNdkpakG7C
39L3LdlHS3gqB62HPWaJRg,NO ME QUIERO CASAR,Bad Bunny,Bad Bunny,4q3ewBCX7sLwd24euuV69X,4FftCsAcXXD1nFO9RFUNFO,nadie sabe lo que va a pasar mañana,225654,True,16,https://open.spotify.com/track/39L3LdlHS3gqB62HPWaJRg
2sTDlCxmuZCTDKKk9f1qus,WHERE SHE GOES,Bad Bunny,Bad Bunny,4q3ewBCX7sLwd24euuV69X,4FftCsAcXXD1nFO9RFUNFO,nadie sabe lo que va a pasar mañana,231704,True,17,https://open.spotify.com/track/2sTDlCxmuZCTDKKk9f1qus
4pcafPzLDSqQktqSpxHL3E,THUNDER Y LIGHTNING,Bad Bunny,"Bad Bunny, Eladio Carrion","4q3ewBCX7sLwd24euuV69X, 5XJDexmWFLWOkjOEjOVX3e",4FftCsAcXXD1nFO9RFUNFO,nadie sabe lo que va a pasar mañana,217133,True,18,https://open.spotify.com/track/4pcafPzLDSqQktqSpxHL3E
7iQXYTyuG13aoeHxGG28Nh,PERRO NEGRO,Bad Bunny,"Bad Bunny, Feid","4q3ewBCX7sLwd24euuV69X, 2LRoIwlKmHjgvigdNGBHNo",4FftCsAcXXD1nFO9RFUNFO,nadie sabe lo que va a pasar mañana,162767,True,19,https://open.spotify.com/track/7iQXYTyuG13aoeHxGG28Nh
6vh4S1z08AjGipGAEsV62e,EUROPA :),Bad Bunny,Bad Bunny,4q3ewBCX7sLwd24euuV69X,4FftCsAcXXD1nFO9RFUNFO,nadie sabe lo que va a pasar mañana,11904,False,20,https://open.spotify.com/track/6vh4S1z08AjGipGAEsV62e
1C7lXfx4Y5maVl4AgUVlHA,ACHO PR,Bad Bunny,"Bad Bunny, Arcángel, De La Ghetto, Ñengo Flow","4q3ewBCX7sLwd24euuV69X, 4SsVbpTthjScTS7U2hmr1X, 3EiLUeyEcA6fbRPSHkG5kb, 12vb80Km0Ew53ABfJOepVz",4FftCsAcXXD1nFO9RFUNFO,nadie sabe lo que va a pasar mañana,359647,True,21,https://open.spotify.com/track/1C7lXfx4Y5maVl4AgUVlHA
5ixdmTpCmH5diBA1j154wN,UN PREVIEW,Bad Bunny,Bad Bunny,4q3ewBCX7sLwd24euuV69X,4FftCsAcXXD1nFO9RFUNFO,nadie sabe lo que va a pasar mañana,165582,True,22,https://open.spotify.com/track/5ixdmTpCmH5diBA1j154wN
6kWVX5hqeimzfH8bk34L7h,"Get Up, Stand Up",Bob Marley & The Wailers,Bob Marley & The Wailers,2QsynagSdAqZj3U9HgDzjD,2VbmXDBkPj34TiyMNYaboj,One Love (Original Motion Picture Soundtrack),198440,False,1,https://open.spotify.com/track/6kWVX5hqeimzfH8bk34L7h
1j3ANZgokEc0jKztEDV34l,"Roots, Rock, Reggae",Bob Marley & The Wailers,Bob Marley & The Wailers,2QsynagSdAqZj3U9HgDzjD,2VbmXDBkPj34TiyMNYaboj,One Love (Original Motion Picture Soundtrack),217106,False,2,https://open.spotify.com/track/1j3ANZgokEc0jKztEDV34l
5P4xD6wDUiOfEnJfuXCrCg,I Shot The Sheriff,Bob Marley & The Wailers,Bob Marley & The Wailers,2QsynagSdAqZj3U9HgDzjD,2VbmXDBkPj34TiyMNYaboj,One Love (Original Motion Picture Soundtrack),281748,False,3,https://open.spotify.com/track/5P4xD6wDUiOfEnJfuXCrCg
74miLQ09m6kSQu4f42rkJP,No More Trouble,Bob Marley & The Wailers,Bob Marley & The Wailers,2QsynagSdAqZj3U9HgDzjD,2VbmXDBkPj34TiyMNYaboj,One Love (Original Motion Picture Soundtrack),238033,False,4,https://open.spotify.com/track/74miLQ09m6kSQu4f42rkJP
060wim4wCw76nHhHr6fDjm,"War/No More Trouble - From ""Bob Marley: One Love"" Soundtrack",Bob Marley & The Wailers,Bob Marley & The Wailers,2QsynagSdAqZj3U9HgDzjD,2VbmXDBkPj34TiyMNYaboj,One Love (Original Motion Picture Soundtrack),297279,False,5,https://open.spotify.com/track/060wim4wCw76nHhHr6fDjm
3s18lwGTqMsG3bQhYsllTi,"So Jah S'eh - From ""Bob Marley: One Love"" Soundtrack",Bob Marley & The Wailers,Bob Marley & The Wailers,2QsynagSdAqZj3U9HgDzjD,2VbmXDBkPj34TiyMNYaboj,One Love (Original Motion Picture Soundtrack),451812,False,6,https://open.spotify.com/track/3s18lwGTqMsG3bQhYsllTi
5FgRDNmY9nB35EpUp8IB7Y,Natural Mystic,Bob Marley & The Wailers,Bob Marley & The Wailers,2QsynagSdAqZj3U9HgDzjD,2VbmXDBkPj34TiyMNYaboj,One Love (Original Motion Picture Soundtrack),207707,False,7,https://open.spotify.com/track/5FgRDNmY9nB35EpUp8IB7Y
5QQDjnrDETUx5pEW8YuDD7,Turn Your Lights Down Low,Bob Marley & The Wailers,Bob Marley & The Wailers,2QsynagSdAqZj3U9HgDzjD,2VbmXDBkPj34TiyMNYaboj,One Love (Original Motion Picture Soundtrack),219833,False,8,https://open.spotify.com/track/5QQDjnrDETUx5pEW8YuDD7
6ftUZhYUM6nUNjOKFZs1lU,Exodus,Bob Marley & The Wailers,Bob Marley & The Wailers,2QsynagSdAqZj3U9HgDzjD,2VbmXDBkPj34TiyMNYaboj,One Love (Original Motion Picture Soundtrack),458586,False,9,https://open.spotify.com/track/6ftUZhYUM6nUNjOKFZs1lU
0KmG0iM6XwjkKYdbO7Qd01,Jamming,Bob Marley & The Wailers,Bob Marley & The Wailers,2QsynagSdAqZj3U9HgDzjD,2VbmXDBkPj34TiyMNYaboj,One Love (Original Motion Picture Soundtrack),212117,False,10,https://open.spotify.com/track/0KmG0iM6XwjkKYdbO7Qd01
7nu2eonRbprSaFQQBInNpk,Concrete Jungle,Bob Marley & The Wailers,Bob Marley & The Wailers,2QsynagSdAqZj3U9HgDzjD,2VbmXDBkPj34TiyMNYaboj,One Love (Original Motion Picture Soundtrack),252157,False,11,https://open.spotify.com/track/7nu2eonRbprSaFQQBInNpk
5OhRnsc0V8yIZrHLKInkEg,"No Woman, No Cry - Live At The Rainbow Theatre, London / 4th June 1977 / Remastered 2020",Bob Marley & The Wailers,Bob Marley & The Wailers,2QsynagSdAqZj3U9HgDzjD,2VbmXDBkPj34TiyMNYaboj,One Love (Original Motion Picture Soundtrack),421418,False,12,https://open.spotify.com/track/5OhRnsc0V8yIZrHLKInkEg
6Z83ioKXGsAxOo2DkwiOcH,Three Little Birds,Bob Marley & The Wailers,Bob Marley & The Wailers,2QsynagSdAqZj3U9HgDzjD,2VbmXDBkPj34TiyMNYaboj,One Love (Original Motion Picture Soundtrack),181270,False,13,https://open.spotify.com/track/6Z83ioKXGsAxOo2DkwiOcH
5IrXnAOlnXNUiXmK993wpD,Redemption Song,Bob Marley & The Wailers,Bob Marley & The Wailers,2QsynagSdAqZj3U9HgDzjD,2VbmXDBkPj34TiyMNYaboj,One Love (Original Motion Picture Soundtrack),227386,False,14,https://open.spotify.com/track/5IrXnAOlnXNUiXmK993wpD
1XNTndqBOWqu3JPBqqdDYU,One Love / People Get Ready,Bob Marley & The Wailers,Bob Marley & The Wailers,2QsynagSdAqZj3U9HgDzjD,2VbmXDBkPj34TiyMNYaboj,One Love (Original Motion Picture Soundtrack),171053,False,15,https://open.spotify.com/track/1XNTndqBOWqu3JPBqqdDYU
7g02bIFJBJP7vn3ikkMwNZ,Is This Love,Bob Marley & The Wailers,Bob Marley & The Wailers,2QsynagSdAqZj3U9HgDzjD,2VbmXDBkPj34TiyMNYaboj,One Love (Original Motion Picture Soundtrack),232950,False,16,https://open.spotify.com/track/7g02bIFJBJP7vn3ikkMwNZ
1GpFS2BGRqhSD5akXvqZl4,Rastaman Chant,Bob Marley & The Wailers,Bob Marley & The Wailers,2QsynagSdAqZj3U9HgDzjD,2VbmXDBkPj34TiyMNYaboj,One Love (Original Motion Picture Soundtrack),226229,False,17,https://open.spotify.com/track/1GpFS2BGRqhSD5akXvqZl4
3gxKfue9mKerQy2YkOU5t4,Concrete Jungle,Bob Marley & The Wailers,Bob Marley & The Wailers,2QsynagSdAqZj3U9HgDzjD,5fys4mnxoURHl9ThAEPoKU,Catch A Fire (50th Anniversary),254746,False,1,https://open.spotify.com/track/3gxKfue9mKerQy2YkOU5t4
6zAQfubNEosGSz7JSjH3ij,Slave Driver,Bob Marley & The Wailers,Bob Marley & The Wailers,2QsynagSdAqZj3U9HgDzjD,5fys4mnxoURHl9ThAEPoKU,Catch A Fire (50th Anniversary),174186,False,2,https://open.spotify.com/track/6zAQfubNEosGSz7JSjH3ij
0S4HrpqulBXojqdyQxAF1x,400 Years,Bob Marley & The Wailers,Bob Marley & The Wailers,2QsynagSdAqZj3U9HgDzjD,5fys4mnxoURHl9ThAEPoKU,Catch A Fire (50th Anniversary),166146,False,3,https://open.spotify.com/track/0S4HrpqulBXojqdyQxAF1x
1y8Ng8uoa232EMVGpGiFAR,Stop That Train,Bob Marley & The Wailers,Bob Marley & The Wailers,2QsynagSdAqZj3U9HgDzjD,5fys4mnxoURHl9ThAEPoKU,Catch A Fire (50th Anniversary),235786,False,4,https://open.spotify.com/track/1y8Ng8uoa232EMVGpGiFAR
4bNgzT4Xtgcf5FtM67xPvt,Baby We've Got A Date (Rock It Baby),Bob Marley & The Wailers,Bob Marley & The Wailers,2QsynagSdAqZj3U9HgDzjD,5fys4mnxoURHl9ThAEPoKU,Catch A Fire (50th Anniversary),239106,False,5,https://open.spotify.com/track/4bNgzT4Xtgcf5FtM67xPvt
1pZl2hgGAouilDmS4QDIif,Stir It Up,Bob Marley & The Wailers,Bob Marley & The Wailers,2QsynagSdAqZj3U9HgDzjD,5fys4mnxoURHl9ThAEPoKU,Catch A Fire (50th Anniversary),334333,False,6,https://open.spotify.com/track/1pZl2hgGAouilDmS4QDIif
3XjfD2ITGSMYc6hg4q9GJY,Kinky Reggae,Bob Marley & The Wailers,Bob Marley & The Wailers,2QsynagSdAqZj3U9HgDzjD,5fys4mnxoURHl9ThAEPoKU,Catch A Fire (50th Anniversary),219280,False,7,https://open.spotify.com/track/3XjfD2ITGSMYc6hg4q9GJY
602SBulE8X0MEHVYp95j4Y,No More Trouble,Bob Marley & The Wailers,Bob Marley & The Wailers,2QsynagSdAqZj3U9HgDzjD,5fys4mnxoURHl9ThAEPoKU,Catch A Fire (50th Anniversary),240053,False,8,https://open.spotify.com/track/602SBulE8X0MEHVYp95j4Y
1mpmg70NJs6iV6muhYwWLd,Midnight Ravers,Bob Marley & The Wailers,Bob Marley & The Wailers,2QsynagSdAqZj3U9HgDzjD,5fys4mnxoURHl9ThAEPoKU,Catch A Fire (50th Anniversary),309906,False,9,https://open.spotify.com/track/1mpmg70NJs6iV6muhYwWLd
1HDjnle3BHKmfsIygQ7CFq,Slave Driver - Jamaican Extended Version / 2023,Bob Marley & The Wailers,Bob Marley & The Wailers,2QsynagSdAqZj3U9HgDzjD,5fys4mnxoURHl9ThAEPoKU,Catch A Fire (50th Anniversary),185746,False,1,https://open.spotify.com/track/1HDjnle3BHKmfsIygQ7CFq
1r9uTTtsjEryFNbFpxaHnb,400 Years - Jamaican Extended Version / 2023,Bob Marley & The Wailers,Bob Marley & The Wailers,2QsynagSdAqZj3U9HgDzjD,5fys4mnxoURHl9ThAEPoKU,Catch A Fire (50th Anniversary),189360,False,2,https://open.spotify.com/track/1r9uTTtsjEryFNbFpxaHnb
6OMq6OwBXrmn9zHGF1jjqY,High Tide Or Low Tide - Jamaican Alternate Version / 2023,Bob Marley & The Wailers,Bob Marley & The Wailers,2QsynagSdAqZj3U9HgDzjD,5fys4mnxoURHl9ThAEPoKU,Catch A Fire (50th Anniversary),315466,False,3,https://open.spotify.com/track/6OMq6OwBXrmn9zHGF1jjqY
4WvrCpLZjE1ch0UAE6TZz6,Stir It Up - Jamaican Alternate Version / Take 1 / 2023,Bob Marley & The Wailers,Bob Marley & The Wailers,2QsynagSdAqZj3U9HgDzjD,5fys4mnxoURHl9ThAEPoKU,Catch A Fire (50th Anniversary),202000,False,4,https://open.spotify.com/track/4WvrCpLZjE1ch0UAE6TZz6
6L5srY28OfZrPExH4625fk,No More Trouble - Jamaican Extended Instrumental / 2023,Bob Marley & The Wailers,Bob Marley & The Wailers,2QsynagSdAqZj3U9HgDzjD,5fys4mnxoURHl9ThAEPoKU,Catch A Fire (50th Anniversary),408453,False,5,https://open.spotify.com/track/6L5srY28OfZrPExH4625fk
3J9JUxKFWfck2gA1IDn4Bh,Stir It Up - Jamaican Extra Organ Version,Bob Marley & The Wailers,Bob Marley & The Wailers,2QsynagSdAqZj3U9HgDzjD,5fys4mnxoURHl9ThAEPoKU,Catch A Fire (50th Anniversary),230506,False,6,https://open.spotify.com/track/3J9JUxKFWfck2gA1IDn4Bh
7rPIbsrKlZjS39GQjsYZoN,No More Trouble - Jamaican Extended Version / 2023,Bob Marley & The Wailers,Bob Marley & The Wailers,2QsynagSdAqZj3U9HgDzjD,5fys4mnxoURHl9ThAEPoKU,Catch A Fire (50th Anniversary),344693,False,7,https://open.spotify.com/track/7rPIbsrKlZjS39GQjsYZoN
3LKCBUEmOoT14wJ78EAiH2,Stop That Train - Working Mono Version,Bob Marley & The Wailers,Bob Marley & The Wailers,2QsynagSdAqZj3U9HgDzjD,5fys4mnxoURHl9ThAEPoKU,Catch A Fire (50th Anniversary),153506,False,8,https://open.spotify.com/track/3LKCBUEmOoT14wJ78EAiH2
3j6uqZQSHzUcL1Jd5pcrb3,"Slave Driver - Live At The Sundown Theatre, Edmonton, UK / May 1973",Bob Marley & The Wailers,Bob Marley & The Wailers,2QsynagSdAqZj3U9HgDzjD,5fys4mnxoURHl9ThAEPoKU,Catch A Fire (50th Anniversary),243520,False,9,https://open.spotify.com/track/3j6uqZQSHzUcL1Jd5pcrb3
3pTXjHvNDsGM10k8lpjwZJ,"Get Up, Stand Up - Live At The Sundown Theatre, Edmonton, UK / May 1973",Bob Marley & The Wailers,Bob Marley & The Wailers,2QsynagSdAqZj3U9HgDzjD,5fys4mnxoURHl9ThAEPoKU,Catch A Fire (50th Anniversary),384720,False,10,https://open.spotify.com/track/3pTXjHvNDsGM10k8lpjwZJ
2JJWw0MTzB3RGsa05K1MY8,"Stop That Train - Live At The Sundown Theatre, Edmonton, UK / May 1973",Bob Marley & The Wailers,Bob Marley & The Wailers,2QsynagSdAqZj3U9HgDzjD,5fys4mnxoURHl9ThAEPoKU,Catch A Fire (50th Anniversary),237480,False,11,https://open.spotify.com/track/2JJWw0MTzB3RGsa05K1MY8
6lmLUNd7mcyYqKcg6EIAOu,Coming In From The Cold,Bob Marley & The Wailers,Bob Marley & The Wailers,2QsynagSdAqZj3U9HgDzjD,321q9p7PELvzcFAWxml7VX,Uprising,271023,False,1,https://open.spotify.com/track/6lmLUNd7mcyYqKcg6EIAOu
6d4B82vt7pjdzumBmV6HiZ,Real Situation,Bob Marley & The Wailers,Bob Marley & The Wailers,2QsynagSdAqZj3U9HgDzjD,321q9p7PELvzcFAWxml7VX,Uprising,188313,False,2,https://open.spotify.com/track/6d4B82vt7pjdzumBmV6HiZ
2Zw5FtdFtvKWg4h44GOv3R,Bad Card,Bob Marley & The Wailers,Bob Marley & The Wailers,2QsynagSdAqZj3U9HgDzjD,321q9p7PELvzcFAWxml7VX,Uprising,170293,False,3,https://open.spotify.com/track/2Zw5FtdFtvKWg4h44GOv3R
0FyHNCvSDKV3ZJ9iqSyWNj,We And Dem,Bob Marley & The Wailers,Bob Marley & The Wailers,2QsynagSdAqZj3U9HgDzjD,321q9p7PELvzcFAWxml7VX,Uprising,194573,False,4,https://open.spotify.com/track/0FyHNCvSDKV3ZJ9iqSyWNj
1He5SVrXc9r2rC4lyyWcO1,Work,Bob Marley & The Wailers,Bob Marley & The Wailers,2QsynagSdAqZj3U9HgDzjD,321q9p7PELvzcFAWxml7VX,Uprising,221453,False,5,https://open.spotify.com/track/1He5SVrXc9r2rC4lyyWcO1
2Uqayp7267V5SJYOf7fLmV,Zion Train,Bob Marley & The Wailers,Bob Marley & The Wailers,2QsynagSdAqZj3U9HgDzjD,321q9p7PELvzcFAWxml7VX,Uprising,216640,False,6,https://open.spotify.com/track/2Uqayp7267V5SJYOf7fLmV
5JqCmd41S3PZ2AS6GuHqcR,Pimper's Paradise,Bob Marley & The Wailers,Bob Marley & The Wailers,2QsynagSdAqZj3U9HgDzjD,321q9p7PELvzcFAWxml7VX,Uprising,207773,False,7,https://open.spotify.com/track/5JqCmd41S3PZ2AS6GuHqcR
5O4erNlJ74PIF6kGol1ZrC,Could You Be Loved,Bob Marley & The Wailers,Bob Marley & The Wailers,2QsynagSdAqZj3U9HgDzjD,321q9p7PELvzcFAWxml7VX,Uprising,237000,False,8,https://open.spotify.com/track/5O4erNlJ74PIF6kGol1ZrC
1CAEHafiiJKjp6t9hfYX7f,Forever Loving Jah,Bob Marley & The Wailers,Bob Marley & The Wailers,2QsynagSdAqZj3U9HgDzjD,321q9p7PELvzcFAWxml7VX,Uprising,242333,False,9,https://open.spotify.com/track/1CAEHafiiJKjp6t9hfYX7f
26PwuMotZqcczKLHi4Htz3,Redemption Song,Bob Marley & The Wailers,Bob Marley & The Wailers,2QsynagSdAqZj3U9HgDzjD,321q9p7PELvzcFAWxml7VX,Uprising,233560,False,10,https://open.spotify.com/track/26PwuMotZqcczKLHi4Htz3
6ylXXB6zqjkHsfXu8Ia2VG,Redemption Song - Band Version / Bonus Track,Bob Marley & The Wailers,Bob Marley & The Wailers,2QsynagSdAqZj3U9HgDzjD,321q9p7PELvzcFAWxml7VX,Uprising,290866,False,11,https://open.spotify.com/track/6ylXXB6zqjkHsfXu8Ia2VG
1Rb4eWCv2mPz7bVyrwbwvP,Could You Be Loved - Errol Brown and Alex Sadkin Remix / Bonus Track,Bob Marley & The Wailers,Bob Marley & The Wailers,2QsynagSdAqZj3U9HgDzjD,321q9p7PELvzcFAWxml7VX,Uprising,325306,False,12,https://open.spotify.com/track/1Rb4eWCv2mPz7bVyrwbwvP
1ceaAYlQHDHI0s1lVNAoUP,I'll Be There,The Jackson 5,The Jackson 5,2iE18Oxc8YSumAU232n4rW,0kb4kXcdvie8iLvwCECifU,Michael: Songs From The Motion Picture,237797,False,1,https://open.spotify.com/track/1ceaAYlQHDHI0s1lVNAoUP
09SyJxVYFMJzjxQQ0Mb8cL,Never Can Say Goodbye - Single Version,The Jackson 5,The Jackson 5,2iE18Oxc8YSumAU232n4rW,0kb4kXcdvie8iLvwCECifU,Michael: Songs From The Motion Picture,180787,False,2,https://open.spotify.com/track/09SyJxVYFMJzjxQQ0Mb8cL
288Qx6RksBCghh5LWmzlg5,Who's Lovin' You,The Jackson 5,The Jackson 5,2iE18Oxc8YSumAU232n4rW,0kb4kXcdvie8iLvwCECifU,Michael: Songs From The Motion Picture,242224,False,3,https://open.spotify.com/track/288Qx6RksBCghh5LWmzlg5
610Q9wksB2VOLPFqDRyJB0,Medley: I Want You Back / ABC / The Love You Save - Live from the 1981 U.S. Tour,The Jacksons,The Jacksons,2yrbLiuBmc9j81lTX3XUuI,0kb4kXcdvie8iLvwCECifU,Michael: Songs From The Motion Picture,180413,False,4,https://open.spotify.com/track/610Q9wksB2VOLPFqDRyJB0
2UkjKpIyjhv5TE88n1bjfx,Ben - Live from the 1981 U.S. Tour,The Jacksons,The Jacksons,2yrbLiuBmc9j81lTX3XUuI,0kb4kXcdvie8iLvwCECifU,Michael: Songs From The Motion Picture,186326,False,5,https://open.spotify.com/track/2UkjKpIyjhv5TE88n1bjfx
1F7hxcVh24ExZBwGQochRp,Don't Stop 'Til You Get Enough,Michael Jackson,Michael Jackson,3fMbdgg4jU18AjLCKBhRSm,0kb4kXcdvie8iLvwCECifU,Michael: Songs From The Motion Picture,365667,False,6,https://open.spotify.com/track/1F7hxcVh24ExZBwGQochRp
0vAZAAtJptSeLLP4NUXNY4,Beat It,Michael Jackson,Michael Jackson,3fMbdgg4jU18AjLCKBhRSm,0kb4kXcdvie8iLvwCECifU,Michael: Songs From The Motion Picture,259126,False,7,https://open.spotify.com/track/0vAZAAtJptSeLLP4NUXNY4
6Y6gXFyGZGUldHdBXgc0Xv,Thriller,Michael Jackson,Michael Jackson,3fMbdgg4jU18AjLCKBhRSm,0kb4kXcdvie8iLvwCECifU,Michael: Songs From The Motion Picture,358154,False,8,https://open.spotify.com/track/6Y6gXFyGZGUldHdBXgc0Xv
0Pta7osIb37yGqah9k3zOp,Billie Jean,Michael Jackson,Michael Jackson,3fMbdgg4jU18AjLCKBhRSm,0kb4kXcdvie8iLvwCECifU,Michael: Songs From The Motion Picture,294237,False,9,https://open.spotify.com/track/0Pta7osIb37yGqah9k3zOp
1JPzjgU6a449VXMiq8dVG2,Wanna Be Startin' Somethin',Michael Jackson,Michael Jackson,3fMbdgg4jU18AjLCKBhRSm,0kb4kXcdvie8iLvwCECifU,Michael: Songs From The Motion Picture,363271,False,10,https://open.spotify.com/track/1JPzjgU6a449VXMiq8dVG2
6jThaOtumWwZ2G7jSel1Se,Human Nature,Michael Jackson,Michael Jackson,3fMbdgg4jU18AjLCKBhRSm,0kb4kXcdvie8iLvwCECifU,Michael: Songs From The Motion Picture,246704,False,11,https://open.spotify.com/track/6jThaOtumWwZ2G7jSel1Se
1Agb7eFxZreA5TdIjcbjHz,Workin' Day and Night,Michael Jackson,Michael Jackson,3fMbdgg4jU18AjLCKBhRSm,0kb4kXcdvie8iLvwCECifU,Michael: Songs From The Motion Picture,313340,False,12,https://open.spotify.com/track/1Agb7eFxZreA5TdIjcbjHz
4gXX46sad61ll4zyk2bLYs,Bad - 2012 Remaster,Michael Jackson,Michael Jackson,3fMbdgg4jU18AjLCKBhRSm,0kb4kXcdvie8iLvwCECifU,Michael: Songs From The Motion Picture,248066,False,13,https://open.spotify.com/track/4gXX46sad61ll4zyk2bLYs
2rTP0iwaMxRy2HFW2nHKq9,Wanna Be Startin' Somethin',Michael Jackson,Michael Jackson,3fMbdgg4jU18AjLCKBhRSm,57TzZhbqvYoUBzJSVKFVlG,Thriller 40,362900,False,1,https://open.spotify.com/track/2rTP0iwaMxRy2HFW2nHKq9
0z0HC6sLfJsTP5bqVPiIw6,Baby Be Mine,Michael Jackson,Michael Jackson,3fMbdgg4jU18AjLCKBhRSm,57TzZhbqvYoUBzJSVKFVlG,Thriller 40,260467,False,2,https://open.spotify.com/track/0z0HC6sLfJsTP5bqVPiIw6
46bcHfciO740CEABQrvLrR,The Girl Is Mine (with Paul McCartney),Michael Jackson,"Michael Jackson, Paul McCartney","3fMbdgg4jU18AjLCKBhRSm, 4STHEaNw4mPZ2tzheohgXB",57TzZhbqvYoUBzJSVKFVlG,Thriller 40,221677,False,3,https://open.spotify.com/track/46bcHfciO740CEABQrvLrR
2x4x2j4mrdFMuSQnIJDVWM,Thriller,Michael Jackson,Michael Jackson,3fMbdgg4jU18AjLCKBhRSm,57TzZhbqvYoUBzJSVKFVlG,Thriller 40,357753,False,4,https://open.spotify.com/track/2x4x2j4mrdFMuSQnIJDVWM
2x0O1Lg3lhpUqw30Hamzke,Beat It,Michael Jackson,Michael Jackson,3fMbdgg4jU18AjLCKBhRSm,57TzZhbqvYoUBzJSVKFVlG,Thriller 40,258152,False,5,https://open.spotify.com/track/2x0O1Lg3lhpUqw30Hamzke
0MHgys5H8i0bvpIScMeNTl,Billie Jean,Michael Jackson,Michael Jackson,3fMbdgg4jU18AjLCKBhRSm,57TzZhbqvYoUBzJSVKFVlG,Thriller 40,294187,False,6,https://open.spotify.com/track/0MHgys5H8i0bvpIScMeNTl
6JyGRAFxCTEbSvhrLb206x,Human Nature,Michael Jackson,Michael Jackson,3fMbdgg4jU18AjLCKBhRSm,57TzZhbqvYoUBzJSVKFVlG,Thriller 40,245913,False,7,https://open.spotify.com/track/6JyGRAFxCTEbSvhrLb206x
1URAAak0dRPksAeugKMpEu,P.Y.T. (Pretty Young Thing),Michael Jackson,Michael Jackson,3fMbdgg4jU18AjLCKBhRSm,57TzZhbqvYoUBzJSVKFVlG,Thriller 40,238723,False,8,https://open.spotify.com/track/1URAAak0dRPksAeugKMpEu
0R7rnPjNqlYwK2b5LNX0aO,The Lady in My Life,Michael Jackson,Michael Jackson,3fMbdgg4jU18AjLCKBhRSm,57TzZhbqvYoUBzJSVKFVlG,Thriller 40,298264,False,9,https://open.spotify.com/track/0R7rnPjNqlYwK2b5LNX0aO
4WGwTL5HIiaw5OIFnwgCR9,Starlight,Michael Jackson,Michael Jackson,3fMbdgg4jU18AjLCKBhRSm,57TzZhbqvYoUBzJSVKFVlG,Thriller 40,303773,False,10,https://open.spotify.com/track/4WGwTL5HIiaw5OIFnwgCR9
21fVbhoPzmlLjxWfePb6CT,Got the Hots - Demo,Michael Jackson,Michael Jackson,3fMbdgg4jU18AjLCKBhRSm,57TzZhbqvYoUBzJSVKFVlG,Thriller 40,265066,False,11,https://open.spotify.com/track/21fVbhoPzmlLjxWfePb6CT
5kMng2A15zTwpxiPHypbHm,Who Do You Know - Demo,Michael Jackson,Michael Jackson,3fMbdgg4jU18AjLCKBhRSm,57TzZhbqvYoUBzJSVKFVlG,Thriller 40,322533,False,12,https://open.spotify.com/track/5kMng2A15zTwpxiPHypbHm
39SzRa9nN9SFWPnbcMgrYX,Carousel,Michael Jackson,Michael Jackson,3fMbdgg4jU18AjLCKBhRSm,57TzZhbqvYoUBzJSVKFVlG,Thriller 40,219426,False,13,https://open.spotify.com/track/39SzRa9nN9SFWPnbcMgrYX
32gg7lWCipR6jYiz9qXwSo,Behind The Mask - Mike's Mix (Demo),Michael Jackson,Michael Jackson,3fMbdgg4jU18AjLCKBhRSm,57TzZhbqvYoUBzJSVKFVlG,Thriller 40,300960,False,14,https://open.spotify.com/track/32gg7lWCipR6jYiz9qXwSo
5yuLvy5xOhnhMZL0SjIZcX,Can't Get Outta The Rain,Michael Jackson,Michael Jackson,3fMbdgg4jU18AjLCKBhRSm,57TzZhbqvYoUBzJSVKFVlG,Thriller 40,246293,False,15,https://open.spotify.com/track/5yuLvy5xOhnhMZL0SjIZcX
2KmJ8VLU4MoX0BoCoo2LSw,The Toy - Demo,Michael Jackson,Michael Jackson,3fMbdgg4jU18AjLCKBhRSm,57TzZhbqvYoUBzJSVKFVlG,Thriller 40,184133,False,16,https://open.spotify.com/track/2KmJ8VLU4MoX0BoCoo2LSw
4vA0xg2ObT0RlUwZMDy5kZ,Sunset Driver - Demo,Michael Jackson,Michael Jackson,3fMbdgg4jU18AjLCKBhRSm,57TzZhbqvYoUBzJSVKFVlG,Thriller 40,242533,False,17,https://open.spotify.com/track/4vA0xg2ObT0RlUwZMDy5kZ
4INbMHPtay1Q8fU9090FCc,What A Lovely Way To Go - Demo,Michael Jackson,Michael Jackson,3fMbdgg4jU18AjLCKBhRSm,57TzZhbqvYoUBzJSVKFVlG,Thriller 40,235106,False,18,https://open.spotify.com/track/4INbMHPtay1Q8fU9090FCc
1FXtdKmCuA38ClAUHI3YjZ,She's Trouble - Demo,Michael Jackson,Michael Jackson,3fMbdgg4jU18AjLCKBhRSm,57TzZhbqvYoUBzJSVKFVlG,Thriller 40,252613,False,19,https://open.spotify.com/track/1FXtdKmCuA38ClAUHI3YjZ
70WBe8dtmzg0OBrrJtN28n,Billie Jean (1981 Home Demo),Michael Jackson,Michael Jackson,3fMbdgg4jU18AjLCKBhRSm,57TzZhbqvYoUBzJSVKFVlG,Thriller 40,140040,False,20,https://open.spotify.com/track/70WBe8dtmzg0OBrrJtN28n
1euuAfFtkRzJy489azxfLC,Billie Jean - Long Version,Michael Jackson,Michael Jackson,3fMbdgg4jU18AjLCKBhRSm,57TzZhbqvYoUBzJSVKFVlG,Thriller 40,380226,False,21,https://open.spotify.com/track/1euuAfFtkRzJy489azxfLC
4jeLWjIvoZ2uWJrkrFo3xA,Billie Jean (2008 Kanye West Mix) (feat. Kanye West) - Thriller 25th Anniversary Remix,Michael Jackson,"Michael Jackson, Kanye West","3fMbdgg4jU18AjLCKBhRSm, 5K4W6rqBFWDnAN6FQUkS6x",57TzZhbqvYoUBzJSVKFVlG,Thriller 40,275933,False,22,https://open.spotify.com/track/4jeLWjIvoZ2uWJrkrFo3xA
7MwHvUIsJCd8vsAhMqyGa5,Beat It - Demo,Michael Jackson,Michael Jackson,3fMbdgg4jU18AjLCKBhRSm,57TzZhbqvYoUBzJSVKFVlG,Thriller 40,123573,False,23,https://open.spotify.com/track/7MwHvUIsJCd8vsAhMqyGa5
6XgiJfqS5LdiptYHksfmSI,Beat It (2008 with Fergie Remix) (with Fergie) - Thriller 25th Anniversary Remix,Michael Jackson,"Michael Jackson, Fergie, will.i.am","3fMbdgg4jU18AjLCKBhRSm, 3r17AfJCCUqC9Lf0OAc73G, 085pc2PYOi8bGKj0PNjekA",57TzZhbqvYoUBzJSVKFVlG,Thriller 40,251186,False,24,https://open.spotify.com/track/6XgiJfqS5LdiptYHksfmSI
2GQIHRlbPNnZKvJUeB468J,Wanna Be Startin' Somethin' - Demo,Michael Jackson,Michael Jackson,3fMbdgg4jU18AjLCKBhRSm,57TzZhbqvYoUBzJSVKFVlG,Thriller 40,342853,False,25,https://open.spotify.com/track/2GQIHRlbPNnZKvJUeB468J
0knaQtcr1cKpE4VlE9mTTa,Wanna Be Startin' Somethin' - Tommy D's Main Mix,Michael Jackson,Michael Jackson,3fMbdgg4jU18AjLCKBhRSm,57TzZhbqvYoUBzJSVKFVlG,Thriller 40,460962,False,26,https://open.spotify.com/track/0knaQtcr1cKpE4VlE9mTTa
2ievGqNfnUSaEBPrMQDTxB,Wanna Be Startin' Somethin' (2008 with Akon) (with Akon) - Thriller 25th Anniversary Remix,Michael Jackson,"Michael Jackson, Akon, Mark ""Exit"" Goodchild, Aliaune ""Akon"" Thiam","3fMbdgg4jU18AjLCKBhRSm, 0z4gvV4rjIZ9wHck67ucSV, 1SuG5iUNABfgum7OpWYvFi, 7AnQGuknGCDEvr1t4n6Ink",57TzZhbqvYoUBzJSVKFVlG,Thriller 40,254120,False,27,https://open.spotify.com/track/2ievGqNfnUSaEBPrMQDTxB
0E1aGd78m6l0qPwrjTjSpn,"Human Nature 7""",Michael Jackson,Michael Jackson,3fMbdgg4jU18AjLCKBhRSm,57TzZhbqvYoUBzJSVKFVlG,Thriller 40,227244,False,28,https://open.spotify.com/track/0E1aGd78m6l0qPwrjTjSpn
7FFTcmagmrEDNOe530kvhl,P.Y.T. (Pretty Young Thing) - Demo Version,Michael Jackson,Michael Jackson,3fMbdgg4jU18AjLCKBhRSm,57TzZhbqvYoUBzJSVKFVlG,Thriller 40,226640,False,29,https://open.spotify.com/track/7FFTcmagmrEDNOe530kvhl
3FCOOd1ShN8qpHNcMoSPIb,P.Y.T. (Pretty Young Thing) (2008 with will.i.am) (with will.i.am) - Thriller 25th Anniversary Remix,Michael Jackson,"Michael Jackson, will.i.am","3fMbdgg4jU18AjLCKBhRSm, 085pc2PYOi8bGKj0PNjekA",57TzZhbqvYoUBzJSVKFVlG,Thriller 40,261133,False,30,https://open.spotify.com/track/3FCOOd1ShN8qpHNcMoSPIb
2jsOxLbTofSAPeLhNR9ll5,The Girl Is Mine (2008 with will.i.am) (with will.i.am) - Thriller 25th Anniversary Remix,Michael Jackson,"Michael Jackson, will.i.am","3fMbdgg4jU18AjLCKBhRSm, 085pc2PYOi8bGKj0PNjekA",57TzZhbqvYoUBzJSVKFVlG,Thriller 40,190253,False,31,https://open.spotify.com/track/2jsOxLbTofSAPeLhNR9ll5
3VKj7hHHi8pJJ4mHDzZC4Q,"Thriller 7"" - Special Edit",Michael Jackson,Michael Jackson,3fMbdgg4jU18AjLCKBhRSm,57TzZhbqvYoUBzJSVKFVlG,Thriller 40,278099,False,32,https://open.spotify.com/track/3VKj7hHHi8pJJ4mHDzZC4Q
5dELg4e472LaS76hzPOvi6,Thriller - Def Thrill Mix,Michael Jackson,Michael Jackson,3fMbdgg4jU18AjLCKBhRSm,57TzZhbqvYoUBzJSVKFVlG,Thriller 40,442266,False,33,https://open.spotify.com/track/5dELg4e472LaS76hzPOvi6
2I5o2Znqz37AibPdyg824v,Thriller (Megamix),Michael Jackson,Michael Jackson,3fMbdgg4jU18AjLCKBhRSm,57TzZhbqvYoUBzJSVKFVlG,Thriller 40,553087,False,34,https://open.spotify.com/track/2I5o2Znqz37AibPdyg824v
1hu2s7qkm5bo03eODpRQO3,Wanna Be Startin' Somethin',Michael Jackson,Michael Jackson,3fMbdgg4jU18AjLCKBhRSm,2ANVost0y2y52ema1E9xAZ,Thriller,363400,False,1,https://open.spotify.com/track/1hu2s7qkm5bo03eODpRQO3
6XYbMGvtl6tlPoGWaiH7EY,Baby Be Mine,Michael Jackson,Michael Jackson,3fMbdgg4jU18AjLCKBhRSm,2ANVost0y2y52ema1E9xAZ,Thriller,260368,False,2,https://open.spotify.com/track/6XYbMGvtl6tlPoGWaiH7EY
4IT6vDuKprKl6jyVndlY8V,The Girl Is Mine (with Paul McCartney),Michael Jackson,"Michael Jackson, Paul McCartney","3fMbdgg4jU18AjLCKBhRSm, 4STHEaNw4mPZ2tzheohgXB",2ANVost0y2y52ema1E9xAZ,Thriller,222152,False,3,https://open.spotify.com/track/4IT6vDuKprKl6jyVndlY8V
2LlQb7Uoj1kKyGhlkBf9aC,Thriller,Michael Jackson,Michael Jackson,3fMbdgg4jU18AjLCKBhRSm,2ANVost0y2y52ema1E9xAZ,Thriller,358807,False,4,https://open.spotify.com/track/2LlQb7Uoj1kKyGhlkBf9aC
3BovdzfaX4jb5KFQwoPfAw,Beat It,Michael Jackson,Michael Jackson,3fMbdgg4jU18AjLCKBhRSm,2ANVost0y2y52ema1E9xAZ,Thriller,258296,False,5,https://open.spotify.com/track/3BovdzfaX4jb5KFQwoPfAw
7J1uxwnxfQLu4APicE5Rnj,Billie Jean,Michael Jackson,Michael Jackson,3fMbdgg4jU18AjLCKBhRSm,2ANVost0y2y52ema1E9xAZ,Thriller,293802,False,6,https://open.spotify.com/track/7J1uxwnxfQLu4APicE5Rnj
4cgjA7B4fJBHyB9Ya2bu0t,Human Nature,Michael Jackson,Michael Jackson,3fMbdgg4jU18AjLCKBhRSm,2ANVost0y2y52ema1E9xAZ,Thriller,245837,False,7,https://open.spotify.com/track/4cgjA7B4fJBHyB9Ya2bu0t
1CgmY8fVN7kstVDZmsdM5k,P.Y.T. (Pretty Young Thing),Michael Jackson,Michael Jackson,3fMbdgg4jU18AjLCKBhRSm,2ANVost0y2y52ema1E9xAZ,Thriller,238333,False,8,https://open.spotify.com/track/1CgmY8fVN7kstVDZmsdM5k
07L1pzoVerhRSSaDGZHrKy,The Lady in My Life,Michael Jackson,Michael Jackson,3fMbdgg4jU18AjLCKBhRSm,2ANVost0y2y52ema1E9xAZ,Thriller,298251,False,9,https://open.spotify.com/track/07L1pzoVerhRSSaDGZHrKy
3Kv6sMC4N5zEWkTugluCV8,Step,Snoop Dogg,"Snoop Dogg, Swizz Beatz","7hJcb9fa4alzcOq3EaNPoG, 2cADQgiLMjNhbsfeN52Bf3",2A1wHE90Z5Aj3TSQVhyU4Y,10 Til' Midnight,214723,True,1,https://open.spotify.com/track/3Kv6sMC4N5zEWkTugluCV8
59gUNCV3DJZIEJfEZmBqKQ,Lied 2 U,Snoop Dogg,Snoop Dogg,7hJcb9fa4alzcOq3EaNPoG,2A1wHE90Z5Aj3TSQVhyU4Y,10 Til' Midnight,167276,True,2,https://open.spotify.com/track/59gUNCV3DJZIEJfEZmBqKQ
08A6jwlSiLBubvr4WjHF0b,Slid Off,Snoop Dogg,Snoop Dogg,7hJcb9fa4alzcOq3EaNPoG,2A1wHE90Z5Aj3TSQVhyU4Y,10 Til' Midnight,140924,True,3,https://open.spotify.com/track/08A6jwlSiLBubvr4WjHF0b
33h8FeXNW7mHfbyCab3TL6,Daddy Rich,Snoop Dogg,"Snoop Dogg, Richard Pryor","7hJcb9fa4alzcOq3EaNPoG, 0zokIKbH4c7crvZP9Xel1Y",2A1wHE90Z5Aj3TSQVhyU4Y,10 Til' Midnight,13412,False,4,https://open.spotify.com/track/33h8FeXNW7mHfbyCab3TL6
2TEpOh4ROxqIU2nd4bYa7o,Stop Counting My Poccets,Snoop Dogg,Snoop Dogg,7hJcb9fa4alzcOq3EaNPoG,2A1wHE90Z5Aj3TSQVhyU4Y,10 Til' Midnight,123865,True,5,https://open.spotify.com/track/2TEpOh4ROxqIU2nd4bYa7o
0bNBcSFpd0gMYQAYCZycn1,OG to BG,Snoop Dogg,"Snoop Dogg, Kanobby","7hJcb9fa4alzcOq3EaNPoG, 4JdOMyHIXOgP6VEyEYupOe",2A1wHE90Z5Aj3TSQVhyU4Y,10 Til' Midnight,149709,True,6,https://open.spotify.com/track/0bNBcSFpd0gMYQAYCZycn1
1h39l7NbaXx5tzuKMVIoe1,Dogg Wattup Doe,Snoop Dogg,"Snoop Dogg, Peezy","7hJcb9fa4alzcOq3EaNPoG, 6lOaHNmL3l3hKDGNf0egfs",2A1wHE90Z5Aj3TSQVhyU4Y,10 Til' Midnight,157731,True,7,https://open.spotify.com/track/1h39l7NbaXx5tzuKMVIoe1
0c3C4o45M0EvgzAYuGqocw,Leave That Dogg Alone,Snoop Dogg,Snoop Dogg,7hJcb9fa4alzcOq3EaNPoG,2A1wHE90Z5Aj3TSQVhyU4Y,10 Til' Midnight,137856,True,8,https://open.spotify.com/track/0c3C4o45M0EvgzAYuGqocw
0QbymLm4MoSx2SrTYM2b82,Pop My Shit,Snoop Dogg,"Snoop Dogg, Trinidad James","7hJcb9fa4alzcOq3EaNPoG, 0I5HubncQ8E1MFZOlPDY4J",2A1wHE90Z5Aj3TSQVhyU4Y,10 Til' Midnight,151989,True,9,https://open.spotify.com/track/0QbymLm4MoSx2SrTYM2b82
2fsY5ZvDkwtTYQhkDmEamJ,17 Rules,Snoop Dogg,Snoop Dogg,7hJcb9fa4alzcOq3EaNPoG,2A1wHE90Z5Aj3TSQVhyU4Y,10 Til' Midnight,158002,True,10,https://open.spotify.com/track/2fsY5ZvDkwtTYQhkDmEamJ
2HO8qO7LuY8NoFU3cFTgTM,Bread Under The Bed,Snoop Dogg,"Snoop Dogg, Stresmatic","7hJcb9fa4alzcOq3EaNPoG, 1ZaicRL707OxFeVMxQXczh",2A1wHE90Z5Aj3TSQVhyU4Y,10 Til' Midnight,230922,True,11,https://open.spotify.com/track/2HO8qO7LuY8NoFU3cFTgTM
1FN20iwxWNK0xxRNCHwLdm,No Ticcet Needed,Snoop Dogg,"Snoop Dogg, Kanobby","7hJcb9fa4alzcOq3EaNPoG, 4JdOMyHIXOgP6VEyEYupOe",2A1wHE90Z5Aj3TSQVhyU4Y,10 Til' Midnight,202637,True,12,https://open.spotify.com/track/1FN20iwxWNK0xxRNCHwLdm
4mXeKVIuep7tvSwNnrcxQ2,Long Beachin',Snoop Dogg,"Snoop Dogg, Shawn Louisiana","7hJcb9fa4alzcOq3EaNPoG, 66AR4MzcZ3xJO8paTdAW3T",2A1wHE90Z5Aj3TSQVhyU4Y,10 Til' Midnight,103687,True,13,https://open.spotify.com/track/4mXeKVIuep7tvSwNnrcxQ2
3WYlK6cf2jMLIsVbc2fEJv,QTSAMYAH,Snoop Dogg,"Snoop Dogg, October London","7hJcb9fa4alzcOq3EaNPoG, 1eNO1DUCOtZgCzlwtjtb1t",2A1wHE90Z5Aj3TSQVhyU4Y,10 Til' Midnight,173908,True,14,https://open.spotify.com/track/3WYlK6cf2jMLIsVbc2fEJv
5Wcc5ah6W0gf9oMhD8rdLx,Intro,Snoop Dogg,Snoop Dogg,7hJcb9fa4alzcOq3EaNPoG,2EDW8OhiHdB2UtE6PCAxZD,Iz It a Crime?,17866,False,1,https://open.spotify.com/track/5Wcc5ah6W0gf9oMhD8rdLx
0wsFEk9PB1W21j1uPLTXPx,Iz It A Crime?,Snoop Dogg,"Snoop Dogg, October London","7hJcb9fa4alzcOq3EaNPoG, 1eNO1DUCOtZgCzlwtjtb1t",2EDW8OhiHdB2UtE6PCAxZD,Iz It a Crime?,139385,True,2,https://open.spotify.com/track/0wsFEk9PB1W21j1uPLTXPx
6qoSPV8pQXufO58RGmI7dR,Joy,Snoop Dogg,Snoop Dogg,7hJcb9fa4alzcOq3EaNPoG,2EDW8OhiHdB2UtE6PCAxZD,Iz It a Crime?,168219,True,3,https://open.spotify.com/track/6qoSPV8pQXufO58RGmI7dR
4geHU7dj1nRbKDOpFnNDyR,Unsung Heroes,Snoop Dogg,Snoop Dogg,7hJcb9fa4alzcOq3EaNPoG,2EDW8OhiHdB2UtE6PCAxZD,Iz It a Crime?,133447,True,4,https://open.spotify.com/track/4geHU7dj1nRbKDOpFnNDyR
5pUJW98nAZ4FDgkJZcS6eT,Sophisticated Crippin',Snoop Dogg,Snoop Dogg,7hJcb9fa4alzcOq3EaNPoG,2EDW8OhiHdB2UtE6PCAxZD,Iz It a Crime?,202160,True,5,https://open.spotify.com/track/5pUJW98nAZ4FDgkJZcS6eT
2HAK0VowiQALBFlxJxrHw1,Can’t Wait,Snoop Dogg,"Snoop Dogg, LaRussell","7hJcb9fa4alzcOq3EaNPoG, 5PRPy7MZZhkM5CIVJvTAKM",2EDW8OhiHdB2UtE6PCAxZD,Iz It a Crime?,172481,True,6,https://open.spotify.com/track/2HAK0VowiQALBFlxJxrHw1
3x25D5A6vQuTI9cdWY5sOy,Can't Get Enough,Snoop Dogg,"Snoop Dogg, JANE HANDCOCK","7hJcb9fa4alzcOq3EaNPoG, 2wgW0CiQRwbWlkT6nM8suD",2EDW8OhiHdB2UtE6PCAxZD,Iz It a Crime?,172200,True,7,https://open.spotify.com/track/3x25D5A6vQuTI9cdWY5sOy
1go8qx8IBftD6Gx9hFnWYo,Keep it Moving,Snoop Dogg,"Snoop Dogg, Charlie Bereal, Stresmatic","7hJcb9fa4alzcOq3EaNPoG, 2uMEr7c0zWQrtoAzebTMsa, 1ZaicRL707OxFeVMxQXczh",2EDW8OhiHdB2UtE6PCAxZD,Iz It a Crime?,174430,True,8,https://open.spotify.com/track/1go8qx8IBftD6Gx9hFnWYo
3vItapJtdqXNwFpNz0THMz,Just the Way It Iz,Snoop Dogg,"Snoop Dogg, J-Black, Wiz Khalifa","7hJcb9fa4alzcOq3EaNPoG, 7oR8qpmeIpd8cwSiPXgLMG, 137W8MRPWKqSmrBGDBFSop",2EDW8OhiHdB2UtE6PCAxZD,Iz It a Crime?,195213,True,9,https://open.spotify.com/track/3vItapJtdqXNwFpNz0THMz
2L1uQ7e3haLesol3fAm5qh,You Want My All,Snoop Dogg,"Snoop Dogg, Akeem Ali","7hJcb9fa4alzcOq3EaNPoG, 5aTVaxCp68WGSX8qRkVM3X",2EDW8OhiHdB2UtE6PCAxZD,Iz It a Crime?,228153,True,10,https://open.spotify.com/track/2L1uQ7e3haLesol3fAm5qh
0eUno5UuPvdqYHiNbVLfVU,What's Hattnin?,Snoop Dogg,"Snoop Dogg, Charlie Bereal","7hJcb9fa4alzcOq3EaNPoG, 2uMEr7c0zWQrtoAzebTMsa",2EDW8OhiHdB2UtE6PCAxZD,Iz It a Crime?,93821,True,11,https://open.spotify.com/track/0eUno5UuPvdqYHiNbVLfVU
6qzl1z0V7c1Pe2O1QzW3gV,Spot,Snoop Dogg,"Snoop Dogg, Tonio Armani, Pharrell Williams","7hJcb9fa4alzcOq3EaNPoG, 4xdSOqvRraoa6CiwPUwodb, 2RdwBSPQiwcmiDo9kixcl8",2EDW8OhiHdB2UtE6PCAxZD,Iz It a Crime?,163821,True,12,https://open.spotify.com/track/6qzl1z0V7c1Pe2O1QzW3gV
0mvjGOp6bQUwCYCDNYdgRy,SYBAU,Snoop Dogg,"Snoop Dogg, Stresmatic","7hJcb9fa4alzcOq3EaNPoG, 1ZaicRL707OxFeVMxQXczh",2EDW8OhiHdB2UtE6PCAxZD,Iz It a Crime?,118640,True,13,https://open.spotify.com/track/0mvjGOp6bQUwCYCDNYdgRy
7N35tXSuPzDUUHPZtGqZgX,Cold Summer,Snoop Dogg,"Snoop Dogg, Denaun","7hJcb9fa4alzcOq3EaNPoG, 4NhyK1Uoo8ScQOSl8x0jqI",2EDW8OhiHdB2UtE6PCAxZD,Iz It a Crime?,139369,True,14,https://open.spotify.com/track/7N35tXSuPzDUUHPZtGqZgX
6L3v1k4aGQ1GuxLBB9yuqi,Snoop Will Make You Dance,Snoop Dogg,Snoop Dogg,7hJcb9fa4alzcOq3EaNPoG,2EDW8OhiHdB2UtE6PCAxZD,Iz It a Crime?,185663,True,15,https://open.spotify.com/track/6L3v1k4aGQ1GuxLBB9yuqi
6SGBrBYJ7uxzUYA5QbdfiV,Life’s Journey,Snoop Dogg,"Snoop Dogg, Blaqthoven","7hJcb9fa4alzcOq3EaNPoG, 44iozutKALNkjNsTF7K48j",2EDW8OhiHdB2UtE6PCAxZD,Iz It a Crime?,145129,True,16,https://open.spotify.com/track/6SGBrBYJ7uxzUYA5QbdfiV
4pfUkkJKUgrsXuVVYRuSh4,Me N OG Snoop,Snoop Dogg,"Snoop Dogg, Sexyy Red","7hJcb9fa4alzcOq3EaNPoG, 3DbwFQlvLxRSi2uX8mf81A",2EDW8OhiHdB2UtE6PCAxZD,Iz It a Crime?,158270,True,17,https://open.spotify.com/track/4pfUkkJKUgrsXuVVYRuSh4
2u6W28YWw74m8MCasynAJ7,Let Me Love You,Snoop Dogg,Snoop Dogg,7hJcb9fa4alzcOq3EaNPoG,2EDW8OhiHdB2UtE6PCAxZD,Iz It a Crime?,211976,True,18,https://open.spotify.com/track/2u6W28YWw74m8MCasynAJ7
2oVvaQqoNclvi4l0C2dxj6,West Up,Snoop Dogg,Snoop Dogg,7hJcb9fa4alzcOq3EaNPoG,2EDW8OhiHdB2UtE6PCAxZD,Iz It a Crime?,167291,True,19,https://open.spotify.com/track/2oVvaQqoNclvi4l0C2dxj6
7xIHxf9iqamVCyH830BXwT,My Friend,Snoop Dogg,"Snoop Dogg, Denaun","7hJcb9fa4alzcOq3EaNPoG, 4NhyK1Uoo8ScQOSl8x0jqI",2EDW8OhiHdB2UtE6PCAxZD,Iz It a Crime?,263355,False,20,https://open.spotify.com/track/7xIHxf9iqamVCyH830BXwT
2VfSmK0InLYFeHgIApkBNu,Live Life,Snoop Dogg,Snoop Dogg,7hJcb9fa4alzcOq3EaNPoG,2EDW8OhiHdB2UtE6PCAxZD,Iz It a Crime?,186722,True,21,https://open.spotify.com/track/2VfSmK0InLYFeHgIApkBNu
2Pd7T7wbAXEQQazKgTjFVB,Close Your Eyes,Wiz Khalifa,"Wiz Khalifa, Curren$y","137W8MRPWKqSmrBGDBFSop, 6X8WdFjrNhXATMDSs26aCc",3ciu1mV52dlREyJdoetHMr,Roofless Records For Drop Tops: Disc 1,217826,True,1,https://open.spotify.com/track/2Pd7T7wbAXEQQazKgTjFVB
7mOmHyUaop8wL7Z8IYY8wK,Jet Life Taylor,Wiz Khalifa,"Wiz Khalifa, Curren$y","137W8MRPWKqSmrBGDBFSop, 6X8WdFjrNhXATMDSs26aCc",3ciu1mV52dlREyJdoetHMr,Roofless Records For Drop Tops: Disc 1,162901,True,2,https://open.spotify.com/track/7mOmHyUaop8wL7Z8IYY8wK
16M81srcOh7Nr5GcUGzcaP,So Many Flavors,Wiz Khalifa,"Wiz Khalifa, Curren$y","137W8MRPWKqSmrBGDBFSop, 6X8WdFjrNhXATMDSs26aCc",3ciu1mV52dlREyJdoetHMr,Roofless Records For Drop Tops: Disc 1,220278,True,3,https://open.spotify.com/track/16M81srcOh7Nr5GcUGzcaP
5vRq6ORXr3Ay8BOZdUNriN,Stoned and Leave,Wiz Khalifa,"Wiz Khalifa, Curren$y","137W8MRPWKqSmrBGDBFSop, 6X8WdFjrNhXATMDSs26aCc",3ciu1mV52dlREyJdoetHMr,Roofless Records For Drop Tops: Disc 1,181627,True,4,https://open.spotify.com/track/5vRq6ORXr3Ay8BOZdUNriN
22RTACsDjbB9NKrsPl9NKw,Bounce Back,Wiz Khalifa,"Wiz Khalifa, Curren$y","137W8MRPWKqSmrBGDBFSop, 6X8WdFjrNhXATMDSs26aCc",3ciu1mV52dlREyJdoetHMr,Roofless Records For Drop Tops: Disc 1,188235,True,5,https://open.spotify.com/track/22RTACsDjbB9NKrsPl9NKw
4SXdoj47j2r4WOZqh0FnEi,How Could I Lose,Wiz Khalifa,"Wiz Khalifa, Curren$y","137W8MRPWKqSmrBGDBFSop, 6X8WdFjrNhXATMDSs26aCc",3ciu1mV52dlREyJdoetHMr,Roofless Records For Drop Tops: Disc 1,148235,True,6,https://open.spotify.com/track/4SXdoj47j2r4WOZqh0FnEi
3D8DceDATM98UzkoZJpOCV,The Same One,Wiz Khalifa,"Wiz Khalifa, Curren$y","137W8MRPWKqSmrBGDBFSop, 6X8WdFjrNhXATMDSs26aCc",3ciu1mV52dlREyJdoetHMr,Roofless Records For Drop Tops: Disc 1,187393,True,7,https://open.spotify.com/track/3D8DceDATM98UzkoZJpOCV
4MWRrxPdwvAafC3DmZbbwi,Live Fast Burn Slow,Wiz Khalifa,"Wiz Khalifa, Curren$y","137W8MRPWKqSmrBGDBFSop, 6X8WdFjrNhXATMDSs26aCc",3ciu1mV52dlREyJdoetHMr,Roofless Records For Drop Tops: Disc 1,165546,True,8,https://open.spotify.com/track/4MWRrxPdwvAafC3DmZbbwi
1nWvGqNhct5DjrJD7RUWpW,Ashes Out The Window,Wiz Khalifa,"Wiz Khalifa, Curren$y","137W8MRPWKqSmrBGDBFSop, 6X8WdFjrNhXATMDSs26aCc",3ciu1mV52dlREyJdoetHMr,Roofless Records For Drop Tops: Disc 1,179555,True,9,https://open.spotify.com/track/1nWvGqNhct5DjrJD7RUWpW
4pQgMgZCHorSGSVqQLGFxB,Rrari Twins,Wiz Khalifa,"Wiz Khalifa, Curren$y","137W8MRPWKqSmrBGDBFSop, 6X8WdFjrNhXATMDSs26aCc",3ciu1mV52dlREyJdoetHMr,Roofless Records For Drop Tops: Disc 1,202718,True,10,https://open.spotify.com/track/4pQgMgZCHorSGSVqQLGFxB
7akLXuApNmzkjMe7Y143MW,On Your Mind,Wiz Khalifa,Wiz Khalifa,137W8MRPWKqSmrBGDBFSop,5v6TLCuCEv6iGIknokwqtG,Girls Love Horses,262000,True,1,https://open.spotify.com/track/7akLXuApNmzkjMe7Y143MW
1daTSNepaMqqpsJpUsqzaE,Bestie Bong,Wiz Khalifa,Wiz Khalifa,137W8MRPWKqSmrBGDBFSop,5v6TLCuCEv6iGIknokwqtG,Girls Love Horses,189609,True,2,https://open.spotify.com/track/1daTSNepaMqqpsJpUsqzaE
4H2uKbOwPPwPojZCddtRsS,Faded,Wiz Khalifa,Wiz Khalifa,137W8MRPWKqSmrBGDBFSop,5v6TLCuCEv6iGIknokwqtG,Girls Love Horses,171940,True,3,https://open.spotify.com/track/4H2uKbOwPPwPojZCddtRsS
30OL3lja7FWwupFqGp0AaY,Burn It Down,Wiz Khalifa,Wiz Khalifa,137W8MRPWKqSmrBGDBFSop,5v6TLCuCEv6iGIknokwqtG,Girls Love Horses,258699,True,4,https://open.spotify.com/track/30OL3lja7FWwupFqGp0AaY
3fFjrMsX61WqThTSEWyykf,Never Change Us,Wiz Khalifa,Wiz Khalifa,137W8MRPWKqSmrBGDBFSop,5v6TLCuCEv6iGIknokwqtG,Girls Love Horses,293000,True,5,https://open.spotify.com/track/3fFjrMsX61WqThTSEWyykf
1CgstbU1y6UoIXg8FyfHKA,Get Lost,Wiz Khalifa,Wiz Khalifa,137W8MRPWKqSmrBGDBFSop,5v6TLCuCEv6iGIknokwqtG,Girls Love Horses,233142,True,6,https://open.spotify.com/track/1CgstbU1y6UoIXg8FyfHKA
4qqmWXdehp8kRwvjKMDtQY,Right One,Wiz Khalifa,Wiz Khalifa,137W8MRPWKqSmrBGDBFSop,5v6TLCuCEv6iGIknokwqtG,Girls Love Horses,234906,True,7,https://open.spotify.com/track/4qqmWXdehp8kRwvjKMDtQY
1JAZ8xl77GyKyG3cCoEfNG,Smokin Everywhere We Go,Wiz Khalifa,"Wiz Khalifa, Saxl Rose","137W8MRPWKqSmrBGDBFSop, 28VuUrhLvudCiA9zYn0FMq",5v6TLCuCEv6iGIknokwqtG,Girls Love Horses,125270,True,8,https://open.spotify.com/track/1JAZ8xl77GyKyG3cCoEfNG
36omLkDvnL2NbmnfMK7wqy,Legendary,Wiz Khalifa,Wiz Khalifa,137W8MRPWKqSmrBGDBFSop,5v6TLCuCEv6iGIknokwqtG,Girls Love Horses,226645,True,9,https://open.spotify.com/track/36omLkDvnL2NbmnfMK7wqy
1FSB65vq9pQIYn7oA9kFSe,Wanna Go,Wiz Khalifa,Wiz Khalifa,137W8MRPWKqSmrBGDBFSop,5v6TLCuCEv6iGIknokwqtG,Girls Love Horses,270000,True,10,https://open.spotify.com/track/1FSB65vq9pQIYn7oA9kFSe
4Qo8DAd3i4zMJj5AUWEmiJ,Comin Right Up,Wiz Khalifa,Wiz Khalifa,137W8MRPWKqSmrBGDBFSop,5v6TLCuCEv6iGIknokwqtG,Girls Love Horses,260571,True,11,https://open.spotify.com/track/4Qo8DAd3i4zMJj5AUWEmiJ
7xmZSDLN45kM0cVqUsp6E5,Fly Close,Wiz Khalifa,Wiz Khalifa,137W8MRPWKqSmrBGDBFSop,5v6TLCuCEv6iGIknokwqtG,Girls Love Horses,213333,True,12,https://open.spotify.com/track/7xmZSDLN45kM0cVqUsp6E5
57CL5mIY7kbfb4RPrA0WJx,Favorite Strain,Wiz Khalifa,Wiz Khalifa,137W8MRPWKqSmrBGDBFSop,5v6TLCuCEv6iGIknokwqtG,Girls Love Horses,168000,True,13,https://open.spotify.com/track/57CL5mIY7kbfb4RPrA0WJx
5FT12gp9MD6cLMY12guVTJ,The Sesh,Wiz Khalifa,Wiz Khalifa,137W8MRPWKqSmrBGDBFSop,5v6TLCuCEv6iGIknokwqtG,Girls Love Horses,197142,True,14,https://open.spotify.com/track/5FT12gp9MD6cLMY12guVTJ
5y2ijHECwFYWqcAHKTZgzD,Risk It All,Bruno Mars,Bruno Mars,0du5cEVh5yTK9QJze8zA0C,7vI4iTxDmgEN63liQHPEX1,The Romantic,204068,False,1,https://open.spotify.com/track/5y2ijHECwFYWqcAHKTZgzD
6QletrrmpkUpeJkipX9pgf,Cha Cha Cha,Bruno Mars,Bruno Mars,0du5cEVh5yTK9QJze8zA0C,7vI4iTxDmgEN63liQHPEX1,The Romantic,236559,False,2,https://open.spotify.com/track/6QletrrmpkUpeJkipX9pgf
6f68Ac5tt5BQOpwr0BV9oN,I Just Might,Bruno Mars,Bruno Mars,0du5cEVh5yTK9QJze8zA0C,7vI4iTxDmgEN63liQHPEX1,The Romantic,212973,False,3,https://open.spotify.com/track/6f68Ac5tt5BQOpwr0BV9oN
1sVBT215CDmVJvfy1E2OCU,God Was Showing Off,Bruno Mars,Bruno Mars,0du5cEVh5yTK9QJze8zA0C,7vI4iTxDmgEN63liQHPEX1,The Romantic,211063,False,4,https://open.spotify.com/track/1sVBT215CDmVJvfy1E2OCU
3Ac4AjYkqsvop2ydbSAhTX,Why You Wanna Fight?,Bruno Mars,Bruno Mars,0du5cEVh5yTK9QJze8zA0C,7vI4iTxDmgEN63liQHPEX1,The Romantic,254360,False,5,https://open.spotify.com/track/3Ac4AjYkqsvop2ydbSAhTX
4i4BVY2JiH4mDSLIBdNGKD,On My Soul,Bruno Mars,Bruno Mars,0du5cEVh5yTK9QJze8zA0C,7vI4iTxDmgEN63liQHPEX1,The Romantic,174676,False,6,https://open.spotify.com/track/4i4BVY2JiH4mDSLIBdNGKD
0PV4VQCmE6Ujssr1bnswdF,Something Serious,Bruno Mars,Bruno Mars,0du5cEVh5yTK9QJze8zA0C,7vI4iTxDmgEN63liQHPEX1,The Romantic,166458,False,7,https://open.spotify.com/track/0PV4VQCmE6Ujssr1bnswdF
0Sq6JK9kyC4MQa3KrJj5CB,Nothing Left,Bruno Mars,Bruno Mars,0du5cEVh5yTK9QJze8zA0C,7vI4iTxDmgEN63liQHPEX1,The Romantic,214748,False,8,https://open.spotify.com/track/0Sq6JK9kyC4MQa3KrJj5CB
1myZ6GQewhAzMH2dKtKSWK,Dance With Me,Bruno Mars,Bruno Mars,0du5cEVh5yTK9QJze8zA0C,7vI4iTxDmgEN63liQHPEX1,The Romantic,219287,False,9,https://open.spotify.com/track/1myZ6GQewhAzMH2dKtKSWK
4K09vJ27xCOreumtSuU6Ao,Silk Sonic Intro,Bruno Mars,"Bruno Mars, Anderson .Paak, Silk Sonic","0du5cEVh5yTK9QJze8zA0C, 3jK9MiCrA42lLAdMGUZpwa, 6PvvGcCY2XtUcSRld1Wilr",4VZ7jhV0wHpoNPCB7Vmiml,An Evening With Silk Sonic,63060,False,1,https://open.spotify.com/track/4K09vJ27xCOreumtSuU6Ao
4pryE6cN2gFL1FVF5fYINl,Leave The Door Open,Bruno Mars,"Bruno Mars, Anderson .Paak, Silk Sonic","0du5cEVh5yTK9QJze8zA0C, 3jK9MiCrA42lLAdMGUZpwa, 6PvvGcCY2XtUcSRld1Wilr",4VZ7jhV0wHpoNPCB7Vmiml,An Evening With Silk Sonic,242096,False,2,https://open.spotify.com/track/4pryE6cN2gFL1FVF5fYINl
7suB6D6uKX5DfPukdGaz0W,Fly As Me,Bruno Mars,"Bruno Mars, Anderson .Paak, Silk Sonic","0du5cEVh5yTK9QJze8zA0C, 3jK9MiCrA42lLAdMGUZpwa, 6PvvGcCY2XtUcSRld1Wilr",4VZ7jhV0wHpoNPCB7Vmiml,An Evening With Silk Sonic,219389,False,3,https://open.spotify.com/track/7suB6D6uKX5DfPukdGaz0W
6jGAh1bFnXt1Muj9zeHveZ,After Last Night (with Thundercat & Bootsy Collins),Bruno Mars,"Bruno Mars, Anderson .Paak, Silk Sonic, Thundercat, Bootsy Collins","0du5cEVh5yTK9QJze8zA0C, 3jK9MiCrA42lLAdMGUZpwa, 6PvvGcCY2XtUcSRld1Wilr, 4frXpPxQQZwbCu3eTGnZEw, 5K0rbdBrs2tNXe5LeWMATT",4VZ7jhV0wHpoNPCB7Vmiml,An Evening With Silk Sonic,249444,False,4,https://open.spotify.com/track/6jGAh1bFnXt1Muj9zeHveZ
1oERlssLrpssCAY6Yqqs6c,Smokin Out The Window,Bruno Mars,"Bruno Mars, Anderson .Paak, Silk Sonic","0du5cEVh5yTK9QJze8zA0C, 3jK9MiCrA42lLAdMGUZpwa, 6PvvGcCY2XtUcSRld1Wilr",4VZ7jhV0wHpoNPCB7Vmiml,An Evening With Silk Sonic,197442,False,5,https://open.spotify.com/track/1oERlssLrpssCAY6Yqqs6c
5lka5RUbLVQGO94mKAPMRO,Put On A Smile,Bruno Mars,"Bruno Mars, Anderson .Paak, Silk Sonic","0du5cEVh5yTK9QJze8zA0C, 3jK9MiCrA42lLAdMGUZpwa, 6PvvGcCY2XtUcSRld1Wilr",4VZ7jhV0wHpoNPCB7Vmiml,An Evening With Silk Sonic,255455,False,6,https://open.spotify.com/track/5lka5RUbLVQGO94mKAPMRO
2K6vUau7bnZUamjbRSOOvJ,777,Bruno Mars,"Bruno Mars, Anderson .Paak, Silk Sonic","0du5cEVh5yTK9QJze8zA0C, 3jK9MiCrA42lLAdMGUZpwa, 6PvvGcCY2XtUcSRld1Wilr",4VZ7jhV0wHpoNPCB7Vmiml,An Evening With Silk Sonic,165000,True,7,https://open.spotify.com/track/2K6vUau7bnZUamjbRSOOvJ
3WTWh2WDk4j8GUCGj4xfOd,Skate,Bruno Mars,"Bruno Mars, Anderson .Paak, Silk Sonic","0du5cEVh5yTK9QJze8zA0C, 3jK9MiCrA42lLAdMGUZpwa, 6PvvGcCY2XtUcSRld1Wilr",4VZ7jhV0wHpoNPCB7Vmiml,An Evening With Silk Sonic,203122,False,8,https://open.spotify.com/track/3WTWh2WDk4j8GUCGj4xfOd
2ALh2jqA7KldpHMUHvRomw,Love's Train,Bruno Mars,"Bruno Mars, Anderson .Paak, Silk Sonic","0du5cEVh5yTK9QJze8zA0C, 3jK9MiCrA42lLAdMGUZpwa, 6PvvGcCY2XtUcSRld1Wilr",4VZ7jhV0wHpoNPCB7Vmiml,An Evening With Silk Sonic,307014,False,9,https://open.spotify.com/track/2ALh2jqA7KldpHMUHvRomw
2NqyjfDXy0XfXCSPXMsKzi,Blast Off,Bruno Mars,"Bruno Mars, Anderson .Paak, Silk Sonic","0du5cEVh5yTK9QJze8zA0C, 3jK9MiCrA42lLAdMGUZpwa, 6PvvGcCY2XtUcSRld1Wilr",4VZ7jhV0wHpoNPCB7Vmiml,An Evening With Silk Sonic,284870,False,10,https://open.spotify.com/track/2NqyjfDXy0XfXCSPXMsKzi
3FNy4yzOhHhFBeA5p4ofoq,"Young, Wild & Free (feat. Bruno Mars)",Snoop Dogg,"Snoop Dogg, Wiz Khalifa, Bruno Mars","7hJcb9fa4alzcOq3EaNPoG, 137W8MRPWKqSmrBGDBFSop, 0du5cEVh5yTK9QJze8zA0C",1LMcmxhxL1g2GXj0X3w3sQ,"Young, Wild & Free (feat. Bruno Mars)",207346,False,1,https://open.spotify.com/track/3FNy4yzOhHhFBeA5p4ofoq
13LCYtAoDILgNyjHsPoPuO,Horses & Hellcats,Shaboozey,Shaboozey,3y2cIKLjiOlp1Np37WiUdH,7h7fjoD137eLq9B3KHWXtW,"Where I've Been, Isn't Where I'm Going: The Complete Edition",157122,True,1,https://open.spotify.com/track/13LCYtAoDILgNyjHsPoPuO
4zUB3aKc82KZZrIGPB9cDK,A Bar Song (Tipsy),Shaboozey,Shaboozey,3y2cIKLjiOlp1Np37WiUdH,7h7fjoD137eLq9B3KHWXtW,"Where I've Been, Isn't Where I'm Going: The Complete Edition",171291,True,2,https://open.spotify.com/track/4zUB3aKc82KZZrIGPB9cDK
4AT6oabjRSi83lOiatjSA9,Last Of My Kind (feat. Paul Cauthen),Shaboozey,"Shaboozey, Paul Cauthen","3y2cIKLjiOlp1Np37WiUdH, 6yHM0XQEdu9sIlbILMaKBp",7h7fjoD137eLq9B3KHWXtW,"Where I've Been, Isn't Where I'm Going: The Complete Edition",201463,True,3,https://open.spotify.com/track/4AT6oabjRSi83lOiatjSA9
4GG8Rx7YMvZ1NbIEW8yZtF,Anabelle,Shaboozey,Shaboozey,3y2cIKLjiOlp1Np37WiUdH,7h7fjoD137eLq9B3KHWXtW,"Where I've Been, Isn't Where I'm Going: The Complete Edition",186446,False,4,https://open.spotify.com/track/4GG8Rx7YMvZ1NbIEW8yZtF
3qUc4SlnZOeD6WjD3veU5X,East Of The Massanutten,Shaboozey,Shaboozey,3y2cIKLjiOlp1Np37WiUdH,7h7fjoD137eLq9B3KHWXtW,"Where I've Been, Isn't Where I'm Going: The Complete Edition",237250,False,5,https://open.spotify.com/track/3qUc4SlnZOeD6WjD3veU5X
3qBFYSTDv3gJ31ZMNOYEwk,Highway,Shaboozey,Shaboozey,3y2cIKLjiOlp1Np37WiUdH,7h7fjoD137eLq9B3KHWXtW,"Where I've Been, Isn't Where I'm Going: The Complete Edition",162077,False,6,https://open.spotify.com/track/3qBFYSTDv3gJ31ZMNOYEwk
5oHRAyZs4hMPRsyII0N54K,Let It Burn,Shaboozey,Shaboozey,3y2cIKLjiOlp1Np37WiUdH,7h7fjoD137eLq9B3KHWXtW,"Where I've Been, Isn't Where I'm Going: The Complete Edition",224264,False,7,https://open.spotify.com/track/5oHRAyZs4hMPRsyII0N54K
4BqcHlpFg8DSKNaJvd9jLW,My Fault (feat. Noah Cyrus),Shaboozey,"Shaboozey, Noah Cyrus","3y2cIKLjiOlp1Np37WiUdH, 55fhWPvDiMpLnE4ZzNXZyW",7h7fjoD137eLq9B3KHWXtW,"Where I've Been, Isn't Where I'm Going: The Complete Edition",236012,False,8,https://open.spotify.com/track/4BqcHlpFg8DSKNaJvd9jLW
089VMmbbMbJE34u2C3sPvX,,,,0LyfQWJT6nXafLPZqxe9Of,7h7fjoD137eLq9B3KHWXtW,"Where I've Been, Isn't Where I'm Going: The Complete Edition",0,True,9,https://open.spotify.com/track/089VMmbbMbJE34u2C3sPvX
5V4Hmu30dqkcomozMFkCIe,Drink Don't Need No Mix (feat. BigXthaPlug),Shaboozey,"Shaboozey, BigXthaPlug","3y2cIKLjiOlp1Np37WiUdH, 6qxpnaukVayrQn6ViNvu9I",7h7fjoD137eLq9B3KHWXtW,"Where I've Been, Isn't Where I'm Going: The Complete Edition",133124,True,10,https://open.spotify.com/track/5V4Hmu30dqkcomozMFkCIe
0aNcni6E5x9xy5cWwIKUhA,Steal Her From Me,Shaboozey,Shaboozey,3y2cIKLjiOlp1Np37WiUdH,7h7fjoD137eLq9B3KHWXtW,"Where I've Been, Isn't Where I'm Going: The Complete Edition",213126,False,11,https://open.spotify.com/track/0aNcni6E5x9xy5cWwIKUhA
1Q0STF75iyO3qbMvlZ9RB9,Finally Over,Shaboozey,Shaboozey,3y2cIKLjiOlp1Np37WiUdH,7h7fjoD137eLq9B3KHWXtW,"Where I've Been, Isn't Where I'm Going: The Complete Edition",189086,False,12,https://open.spotify.com/track/1Q0STF75iyO3qbMvlZ9RB9
2iSfSJrho5XkU2NmAnZ9ZV,Amen,Shaboozey,"Shaboozey, Jelly Roll","3y2cIKLjiOlp1Np37WiUdH, 19k8AgwwTSxeaxkOuCQEJs",7h7fjoD137eLq9B3KHWXtW,"Where I've Been, Isn't Where I'm Going: The Complete Edition",197403,False,13,https://open.spotify.com/track/2iSfSJrho5XkU2NmAnZ9ZV
3dbSXSqBQJFuQVgJ5pRIfL,Hail Mary,Shaboozey,"Shaboozey, Sierra Ferrell","3y2cIKLjiOlp1Np37WiUdH, 3oVcF3VdpMuvMvLLyHPT4t",7h7fjoD137eLq9B3KHWXtW,"Where I've Been, Isn't Where I'm Going: The Complete Edition",164616,False,14,https://open.spotify.com/track/3dbSXSqBQJFuQVgJ5pRIfL
2bSp7973XonvsjQ5X73ESN,Fire And Gasoline,Shaboozey,Shaboozey,3y2cIKLjiOlp1Np37WiUdH,7h7fjoD137eLq9B3KHWXtW,"Where I've Been, Isn't Where I'm Going: The Complete Edition",192609,False,15,https://open.spotify.com/track/2bSp7973XonvsjQ5X73ESN
5gzvQcZP8XKPq9hTVLyUK4,Blink Twice,Shaboozey,"Shaboozey, Myles Smith","3y2cIKLjiOlp1Np37WiUdH, 3bO19AOone0ubCsfDXDtYt",7h7fjoD137eLq9B3KHWXtW,"Where I've Been, Isn't Where I'm Going: The Complete Edition",156721,False,16,https://open.spotify.com/track/5gzvQcZP8XKPq9hTVLyUK4
4izQNhcqRT0tuqh9dWTKvi,Good News,Shaboozey,Shaboozey,3y2cIKLjiOlp1Np37WiUdH,7h7fjoD137eLq9B3KHWXtW,"Where I've Been, Isn't Where I'm Going: The Complete Edition",199209,False,17,https://open.spotify.com/track/4izQNhcqRT0tuqh9dWTKvi
2buTmoOVsN9Sc5tzOFD1um,Chrome - Bonus,Shaboozey,Shaboozey,3y2cIKLjiOlp1Np37WiUdH,7h7fjoD137eLq9B3KHWXtW,"Where I've Been, Isn't Where I'm Going: The Complete Edition",145321,True,18,https://open.spotify.com/track/2buTmoOVsN9Sc5tzOFD1um
2aP9pWbPvh5kVIIGJoyFLW,Horses & Hellcats,Shaboozey,Shaboozey,3y2cIKLjiOlp1Np37WiUdH,0DLvFVIfwt3OHdK9kGeEM3,"Where I've Been, Isn't Where I'm Going",157122,True,1,https://open.spotify.com/track/2aP9pWbPvh5kVIIGJoyFLW
5fZJQrFKWQLb7FpJXZ1g7K,A Bar Song (Tipsy),Shaboozey,Shaboozey,3y2cIKLjiOlp1Np37WiUdH,0DLvFVIfwt3OHdK9kGeEM3,"Where I've Been, Isn't Where I'm Going",171291,True,2,https://open.spotify.com/track/5fZJQrFKWQLb7FpJXZ1g7K
5BmmDKMuVvqENYA6g750OX,Last Of My Kind (feat. Paul Cauthen),Shaboozey,"Shaboozey, Paul Cauthen","3y2cIKLjiOlp1Np37WiUdH, 6yHM0XQEdu9sIlbILMaKBp",0DLvFVIfwt3OHdK9kGeEM3,"Where I've Been, Isn't Where I'm Going",201463,True,3,https://open.spotify.com/track/5BmmDKMuVvqENYA6g750OX
2GeK971PzUJqSJc7mFVIMI,Anabelle,Shaboozey,Shaboozey,3y2cIKLjiOlp1Np37WiUdH,0DLvFVIfwt3OHdK9kGeEM3,"Where I've Been, Isn't Where I'm Going",186446,False,4,https://open.spotify.com/track/2GeK971PzUJqSJc7mFVIMI
7v5tgFwXiGLprowkrOEaMu,East Of The Massanutten,Shaboozey,Shaboozey,3y2cIKLjiOlp1Np37WiUdH,0DLvFVIfwt3OHdK9kGeEM3,"Where I've Been, Isn't Where I'm Going",237250,False,5,https://open.spotify.com/track/7v5tgFwXiGLprowkrOEaMu
3RqAMGLj3hnSCHUGXpcuIG,Highway,Shaboozey,Shaboozey,3y2cIKLjiOlp1Np37WiUdH,0DLvFVIfwt3OHdK9kGeEM3,"Where I've Been, Isn't Where I'm Going",162077,False,6,https://open.spotify.com/track/3RqAMGLj3hnSCHUGXpcuIG
6cumvBZMlyO9aO4OjTDFZ2,Let It Burn,Shaboozey,Shaboozey,3y2cIKLjiOlp1Np37WiUdH,0DLvFVIfwt3OHdK9kGeEM3,"Where I've Been, Isn't Where I'm Going",224264,False,7,https://open.spotify.com/track/6cumvBZMlyO9aO4OjTDFZ2
3T3sbHYwPvhTCfEeUtvbMF,My Fault (feat. Noah Cyrus),Shaboozey,"Shaboozey, Noah Cyrus","3y2cIKLjiOlp1Np37WiUdH, 55fhWPvDiMpLnE4ZzNXZyW",0DLvFVIfwt3OHdK9kGeEM3,"Where I've Been, Isn't Where I'm Going",236012,False,8,https://open.spotify.com/track/3T3sbHYwPvhTCfEeUtvbMF
27QKdaqsOcLodD31PuYFZJ,Vegas,Shaboozey,Shaboozey,3y2cIKLjiOlp1Np37WiUdH,0DLvFVIfwt3OHdK9kGeEM3,"Where I've Been, Isn't Where I'm Going",181742,True,9,https://open.spotify.com/track/27QKdaqsOcLodD31PuYFZJ
1WhCAd5sv7rIO78kVgFxIt,Drink Don't Need No Mix (feat. BigXthaPlug),Shaboozey,"Shaboozey, BigXthaPlug","3y2cIKLjiOlp1Np37WiUdH, 6qxpnaukVayrQn6ViNvu9I",0DLvFVIfwt3OHdK9kGeEM3,"Where I've Been, Isn't Where I'm Going",133124,True,10,https://open.spotify.com/track/1WhCAd5sv7rIO78kVgFxIt
6qvVqQWjK6T05IZFpCCLUB,Steal Her From Me,Shaboozey,Shaboozey,3y2cIKLjiOlp1Np37WiUdH,0DLvFVIfwt3OHdK9kGeEM3,"Where I've Been, Isn't Where I'm Going",213126,False,11,https://open.spotify.com/track/6qvVqQWjK6T05IZFpCCLUB
0KumL9pDXKGH98hnrpxrSN,Finally Over,Shaboozey,Shaboozey,3y2cIKLjiOlp1Np37WiUdH,0DLvFVIfwt3OHdK9kGeEM3,"Where I've Been, Isn't Where I'm Going",189086,False,12,https://open.spotify.com/track/0KumL9pDXKGH98hnrpxrSN
5JohqVmg1klBjyUywPuFiK,Can't Help Falling In Love - EPiC Intro,Elvis Presley,Elvis Presley,43ZHCT0cAZBISjO8DG9PnE,4S8nDTu7CK8g8Cf3sS3JXC,EPiC: Elvis Presley in Concert - Original Motion Picture Soundtrack,21343,False,1,https://open.spotify.com/track/5JohqVmg1klBjyUywPuFiK
2iKbH5LC7OnnrPugyOv9XC,Also Sprach Zarathustra/An American Trilogy - EPiC Version,Elvis Presley,"Elvis Presley, Royal Philharmonic Orchestra","43ZHCT0cAZBISjO8DG9PnE, 0MvSBMGRQJY3mRwIbJsqF1",4S8nDTu7CK8g8Cf3sS3JXC,EPiC: Elvis Presley in Concert - Original Motion Picture Soundtrack,109674,False,2,https://open.spotify.com/track/2iKbH5LC7OnnrPugyOv9XC
7afxQxJpywkAueN89eHhpR,That's All Right - EPiC Version,Elvis Presley,Elvis Presley,43ZHCT0cAZBISjO8DG9PnE,4S8nDTu7CK8g8Cf3sS3JXC,EPiC: Elvis Presley in Concert - Original Motion Picture Soundtrack,122422,False,3,https://open.spotify.com/track/7afxQxJpywkAueN89eHhpR
6SynsynLtlx7uhiF72fdGJ,Tiger Man - EPiC Version,Elvis Presley,Elvis Presley,43ZHCT0cAZBISjO8DG9PnE,4S8nDTu7CK8g8Cf3sS3JXC,EPiC: Elvis Presley in Concert - Original Motion Picture Soundtrack,101130,False,4,https://open.spotify.com/track/6SynsynLtlx7uhiF72fdGJ
0ArOckVnMzHCbmNBsv4ZPG,Wearin' That Night Life Look,Elvis Presley,"Elvis Presley, Jamieson Shaw","43ZHCT0cAZBISjO8DG9PnE, 1lqJXtQ5gmLJN3gJEYj7e5",4S8nDTu7CK8g8Cf3sS3JXC,EPiC: Elvis Presley in Concert - Original Motion Picture Soundtrack,192884,False,5,https://open.spotify.com/track/0ArOckVnMzHCbmNBsv4ZPG
4PkbBdG56Gi0FWhThDfTDS,Hound Dog - EPiC Version,Elvis Presley,Elvis Presley,43ZHCT0cAZBISjO8DG9PnE,4S8nDTu7CK8g8Cf3sS3JXC,EPiC: Elvis Presley in Concert - Original Motion Picture Soundtrack,80784,False,6,https://open.spotify.com/track/4PkbBdG56Gi0FWhThDfTDS
6VNOPXE8uUJIpAn1xIamex,Polk Salad Annie - EPiC Version,Elvis Presley,Elvis Presley,43ZHCT0cAZBISjO8DG9PnE,4S8nDTu7CK8g8Cf3sS3JXC,EPiC: Elvis Presley in Concert - Original Motion Picture Soundtrack,343175,False,7,https://open.spotify.com/track/6VNOPXE8uUJIpAn1xIamex
61deaSTjvMD3ZbCIsYcKvy,You've Lost That Loving Feeling - EPiC Version,Elvis Presley,Elvis Presley,43ZHCT0cAZBISjO8DG9PnE,4S8nDTu7CK8g8Cf3sS3JXC,EPiC: Elvis Presley in Concert - Original Motion Picture Soundtrack,261017,False,8,https://open.spotify.com/track/61deaSTjvMD3ZbCIsYcKvy
0GKkN3FQIpMh3s08scmgNn,Little Sister/Get Back - EPiC Version,Elvis Presley,Elvis Presley,43ZHCT0cAZBISjO8DG9PnE,4S8nDTu7CK8g8Cf3sS3JXC,EPiC: Elvis Presley in Concert - Original Motion Picture Soundtrack,184147,False,9,https://open.spotify.com/track/0GKkN3FQIpMh3s08scmgNn
65ySg7wNl6fi14v7RXqUZs,Burning Love - EPiC Version,Elvis Presley,"Elvis Presley, Royal Philharmonic Orchestra","43ZHCT0cAZBISjO8DG9PnE, 0MvSBMGRQJY3mRwIbJsqF1",4S8nDTu7CK8g8Cf3sS3JXC,EPiC: Elvis Presley in Concert - Original Motion Picture Soundtrack,202574,False,10,https://open.spotify.com/track/65ySg7wNl6fi14v7RXqUZs
0kNCRCxK7Ls0lMMIeY6YtH,Never Been To Spain - EPiC Version,Elvis Presley,Elvis Presley,43ZHCT0cAZBISjO8DG9PnE,4S8nDTu7CK8g8Cf3sS3JXC,EPiC: Elvis Presley in Concert - Original Motion Picture Soundtrack,135232,False,11,https://open.spotify.com/track/0kNCRCxK7Ls0lMMIeY6YtH
34iVhVaDknp0qP5JPRwiFt,Love Me - Jamieson Shaw Remix,Elvis Presley,"Elvis Presley, Jamieson Shaw","43ZHCT0cAZBISjO8DG9PnE, 1lqJXtQ5gmLJN3gJEYj7e5",4S8nDTu7CK8g8Cf3sS3JXC,EPiC: Elvis Presley in Concert - Original Motion Picture Soundtrack,229218,False,12,https://open.spotify.com/track/34iVhVaDknp0qP5JPRwiFt
0WM5qWQOoefMVuuRxRTkU3,I Can't Stop Loving You - EPiC Version,Elvis Presley,Elvis Presley,43ZHCT0cAZBISjO8DG9PnE,4S8nDTu7CK8g8Cf3sS3JXC,EPiC: Elvis Presley in Concert - Original Motion Picture Soundtrack,133252,False,13,https://open.spotify.com/track/0WM5qWQOoefMVuuRxRTkU3
19LUFTUYhHHRZkSoJc4zNk,Are You Lonesome Tonight? - EPiC Version,Elvis Presley,Elvis Presley,43ZHCT0cAZBISjO8DG9PnE,4S8nDTu7CK8g8Cf3sS3JXC,EPiC: Elvis Presley in Concert - Original Motion Picture Soundtrack,107465,False,14,https://open.spotify.com/track/19LUFTUYhHHRZkSoJc4zNk
0cIRIoe8OhjwDnybh8amCm,Always On My Mind - EPiC Version,Elvis Presley,Elvis Presley,43ZHCT0cAZBISjO8DG9PnE,4S8nDTu7CK8g8Cf3sS3JXC,EPiC: Elvis Presley in Concert - Original Motion Picture Soundtrack,150937,False,15,https://open.spotify.com/track/0cIRIoe8OhjwDnybh8amCm
59E42EwG9QYneEoU5HajAU,How Great Thou Art - EPiC Version,Elvis Presley,Elvis Presley,43ZHCT0cAZBISjO8DG9PnE,4S8nDTu7CK8g8Cf3sS3JXC,EPiC: Elvis Presley in Concert - Original Motion Picture Soundtrack,171554,False,16,https://open.spotify.com/track/59E42EwG9QYneEoU5HajAU
6ge5Sn3fqhVQeAokjBPpCp,Oh Happy Day - EPiC Version,Elvis Presley,"Elvis Presley, Jamieson Shaw","43ZHCT0cAZBISjO8DG9PnE, 1lqJXtQ5gmLJN3gJEYj7e5",4S8nDTu7CK8g8Cf3sS3JXC,EPiC: Elvis Presley in Concert - Original Motion Picture Soundtrack,191379,False,17,https://open.spotify.com/track/6ge5Sn3fqhVQeAokjBPpCp
6xeSocn0rr0DpsXxATXwfP,A Big Hunk O' Love - EPiC Version,Elvis Presley,Elvis Presley,43ZHCT0cAZBISjO8DG9PnE,4S8nDTu7CK8g8Cf3sS3JXC,EPiC: Elvis Presley in Concert - Original Motion Picture Soundtrack,126853,False,18,https://open.spotify.com/track/6xeSocn0rr0DpsXxATXwfP
11aMJIzGdc6kXgAWOoItQF,Bridge Over Troubled Water - EPiC Version,Elvis Presley,Elvis Presley,43ZHCT0cAZBISjO8DG9PnE,4S8nDTu7CK8g8Cf3sS3JXC,EPiC: Elvis Presley in Concert - Original Motion Picture Soundtrack,254213,False,19,https://open.spotify.com/track/11aMJIzGdc6kXgAWOoItQF
780COjhFPgCBQYW7GB2nQL,In the Ghetto - Jamieson Shaw Remix,Elvis Presley,"Elvis Presley, Jamieson Shaw","43ZHCT0cAZBISjO8DG9PnE, 1lqJXtQ5gmLJN3gJEYj7e5",4S8nDTu7CK8g8Cf3sS3JXC,EPiC: Elvis Presley in Concert - Original Motion Picture Soundtrack,249915,False,20,https://open.spotify.com/track/780COjhFPgCBQYW7GB2nQL
0sc1Hk9xPcOZDqabjkoiPk,Walk A Mile In My Shoes - EPiC Version,Elvis Presley,Elvis Presley,43ZHCT0cAZBISjO8DG9PnE,4S8nDTu7CK8g8Cf3sS3JXC,EPiC: Elvis Presley in Concert - Original Motion Picture Soundtrack,120413,False,21,https://open.spotify.com/track/0sc1Hk9xPcOZDqabjkoiPk
45U8rfdzEnlcUSY1pnaIGV,Suspicious Minds - EPiC Version,Elvis Presley,Elvis Presley,43ZHCT0cAZBISjO8DG9PnE,4S8nDTu7CK8g8Cf3sS3JXC,EPiC: Elvis Presley in Concert - Original Motion Picture Soundtrack,290212,False,22,https://open.spotify.com/track/45U8rfdzEnlcUSY1pnaIGV
7BloQZlPZTFnPyIEIVoz4U,Bring The Curtain Down - EPiC Outro,Elvis Presley,Elvis Presley,43ZHCT0cAZBISjO8DG9PnE,4S8nDTu7CK8g8Cf3sS3JXC,EPiC: Elvis Presley in Concert - Original Motion Picture Soundtrack,70968,False,23,https://open.spotify.com/track/7BloQZlPZTFnPyIEIVoz4U
54WEDBp8A1nlxdiQqONjqW,Can't Help Falling In Love - EPiC Version,Elvis Presley,Elvis Presley,43ZHCT0cAZBISjO8DG9PnE,4S8nDTu7CK8g8Cf3sS3JXC,EPiC: Elvis Presley in Concert - Original Motion Picture Soundtrack,116652,False,24,https://open.spotify.com/track/54WEDBp8A1nlxdiQqONjqW
1KPvGo3tRE02EW6bHw7pYy,American David - EPiC Version,Bono,"Bono, Elliott Wheeler","0m2Wc2gfNUWaAuBK7URPIJ, 4VY8Z1QAHQybZ0xKjwZcrV",4S8nDTu7CK8g8Cf3sS3JXC,EPiC: Elvis Presley in Concert - Original Motion Picture Soundtrack,48832,False,25,https://open.spotify.com/track/1KPvGo3tRE02EW6bHw7pYy
6PH6ESNF5ZiAHN9xIUveX5,A Change Of Reality (Do You Miss Me?),Elvis Presley,"Elvis Presley, Jamieson Shaw","43ZHCT0cAZBISjO8DG9PnE, 1lqJXtQ5gmLJN3gJEYj7e5",4S8nDTu7CK8g8Cf3sS3JXC,EPiC: Elvis Presley in Concert - Original Motion Picture Soundtrack,190342,False,26,https://open.spotify.com/track/6PH6ESNF5ZiAHN9xIUveX5
2gMdBv8IRbbAlimoQl7jbn,Don't Fly Away (PNAU Remix),Elvis Presley,"Elvis Presley, PNAU","43ZHCT0cAZBISjO8DG9PnE, 6n28c9qs9hNGriNa72b26u",4S8nDTu7CK8g8Cf3sS3JXC,EPiC: Elvis Presley in Concert - Original Motion Picture Soundtrack,248562,False,27,https://open.spotify.com/track/2gMdBv8IRbbAlimoQl7jbn
22roPr2PQno2tmSXXZ4cvE,Burning Love,Elvis Presley,Elvis Presley,43ZHCT0cAZBISjO8DG9PnE,4zUZv055gk4daN0VusN3gw,Sunset Boulevard,182011,False,1,https://open.spotify.com/track/22roPr2PQno2tmSXXZ4cvE
0Tnr1MX9tdFX6hucN1PeNU,Always On My Mind,Elvis Presley,Elvis Presley,43ZHCT0cAZBISjO8DG9PnE,4zUZv055gk4daN0VusN3gw,Sunset Boulevard,219005,False,2,https://open.spotify.com/track/0Tnr1MX9tdFX6hucN1PeNU
4boVTaqsHT87a0qJBc7wJo,Where Do I Go from Here,Elvis Presley,Elvis Presley,43ZHCT0cAZBISjO8DG9PnE,4zUZv055gk4daN0VusN3gw,Sunset Boulevard,165259,False,3,https://open.spotify.com/track/4boVTaqsHT87a0qJBc7wJo
5kjsCeM43W4tjNHcgTAtqq,Separate Ways,Elvis Presley,Elvis Presley,43ZHCT0cAZBISjO8DG9PnE,4zUZv055gk4daN0VusN3gw,Sunset Boulevard,173903,False,4,https://open.spotify.com/track/5kjsCeM43W4tjNHcgTAtqq
55GNSXDt32nJzgQSwR86GQ,For the Good Times,Elvis Presley,Elvis Presley,43ZHCT0cAZBISjO8DG9PnE,4zUZv055gk4daN0VusN3gw,Sunset Boulevard,192882,False,5,https://open.spotify.com/track/55GNSXDt32nJzgQSwR86GQ
1uJceDtJXgd37jpC7BIZSH,It's A Matter of Time,Elvis Presley,Elvis Presley,43ZHCT0cAZBISjO8DG9PnE,4zUZv055gk4daN0VusN3gw,Sunset Boulevard,184972,False,6,https://open.spotify.com/track/1uJceDtJXgd37jpC7BIZSH
7jN2TqsDTOHgSOmvZfJfLt,Fool,Elvis Presley,Elvis Presley,43ZHCT0cAZBISjO8DG9PnE,4zUZv055gk4daN0VusN3gw,Sunset Boulevard,218278,False,7,https://open.spotify.com/track/7jN2TqsDTOHgSOmvZfJfLt
1IK9ZmdVMcLvD8DlXPrCWQ,T-R-O-U-B-L-E,Elvis Presley,Elvis Presley,43ZHCT0cAZBISjO8DG9PnE,4zUZv055gk4daN0VusN3gw,Sunset Boulevard,182695,False,8,https://open.spotify.com/track/1IK9ZmdVMcLvD8DlXPrCWQ
4E8HNsRmBQv3SStEGfhcdC,And I Love You So,Elvis Presley,Elvis Presley,43ZHCT0cAZBISjO8DG9PnE,4zUZv055gk4daN0VusN3gw,Sunset Boulevard,220126,False,9,https://open.spotify.com/track/4E8HNsRmBQv3SStEGfhcdC
7lQdIrsnNfiRr7MjgWD1t1,Susan When She Tried,Elvis Presley,Elvis Presley,43ZHCT0cAZBISjO8DG9PnE,4zUZv055gk4daN0VusN3gw,Sunset Boulevard,167770,False,10,https://open.spotify.com/track/7lQdIrsnNfiRr7MjgWD1t1
59moQBTufaKwtq8FdNWFXe,Woman Without Love,Elvis Presley,Elvis Presley,43ZHCT0cAZBISjO8DG9PnE,4zUZv055gk4daN0VusN3gw,Sunset Boulevard,214959,False,11,https://open.spotify.com/track/59moQBTufaKwtq8FdNWFXe
60Jjt8INwogwtCZNsIbdKM,Shake a Hand,Elvis Presley,Elvis Presley,43ZHCT0cAZBISjO8DG9PnE,4zUZv055gk4daN0VusN3gw,Sunset Boulevard,232862,False,12,https://open.spotify.com/track/60Jjt8INwogwtCZNsIbdKM
6gGJDr2yQ6fQCYYgOGukYW,Pieces of My Life,Elvis Presley,Elvis Presley,43ZHCT0cAZBISjO8DG9PnE,4zUZv055gk4daN0VusN3gw,Sunset Boulevard,230181,False,13,https://open.spotify.com/track/6gGJDr2yQ6fQCYYgOGukYW
0GbrZL6v7gwT7FzGKQafW6,Fairytale,Elvis Presley,Elvis Presley,43ZHCT0cAZBISjO8DG9PnE,4zUZv055gk4daN0VusN3gw,Sunset Boulevard,207236,False,14,https://open.spotify.com/track/0GbrZL6v7gwT7FzGKQafW6
48NVsuBuhA0KBLlM55esEU,I Can Help,Elvis Presley,Elvis Presley,43ZHCT0cAZBISjO8DG9PnE,4zUZv055gk4daN0VusN3gw,Sunset Boulevard,242966,False,15,https://open.spotify.com/track/48NVsuBuhA0KBLlM55esEU
0q8jocyRxctx1OHPwI0yTo,Bringin' It Back,Elvis Presley,Elvis Presley,43ZHCT0cAZBISjO8DG9PnE,4zUZv055gk4daN0VusN3gw,Sunset Boulevard,181063,False,16,https://open.spotify.com/track/0q8jocyRxctx1OHPwI0yTo
548KPZAo5ZDi6JI3qkEcbh,"Green, Green Grass Of Home",Elvis Presley,Elvis Presley,43ZHCT0cAZBISjO8DG9PnE,4zUZv055gk4daN0VusN3gw,Sunset Boulevard,217699,False,17,https://open.spotify.com/track/548KPZAo5ZDi6JI3qkEcbh
7oDunA3xoy6M8M2E9pla0H,Separate Ways - Take 25,Elvis Presley,Elvis Presley,43ZHCT0cAZBISjO8DG9PnE,4zUZv055gk4daN0VusN3gw,Sunset Boulevard,171184,False,1,https://open.spotify.com/track/7oDunA3xoy6M8M2E9pla0H
2ODwuE9w4GNL4SLZ0CLLsU,For the Good Times - Take 3,Elvis Presley,Elvis Presley,43ZHCT0cAZBISjO8DG9PnE,4zUZv055gk4daN0VusN3gw,Sunset Boulevard,192345,False,2,https://open.spotify.com/track/2ODwuE9w4GNL4SLZ0CLLsU
0Q3F35LlOZRUj0E7wrFoX3,Where Do I Go From Here - Take 2,Elvis Presley,Elvis Presley,43ZHCT0cAZBISjO8DG9PnE,4zUZv055gk4daN0VusN3gw,Sunset Boulevard,157590,False,3,https://open.spotify.com/track/0Q3F35LlOZRUj0E7wrFoX3
07XOsVkAZahaH8ixnln4CP,Burning Love - Take 2,Elvis Presley,Elvis Presley,43ZHCT0cAZBISjO8DG9PnE,4zUZv055gk4daN0VusN3gw,Sunset Boulevard,175156,False,4,https://open.spotify.com/track/07XOsVkAZahaH8ixnln4CP
5uuVyAcgZfgQLbqeakRIre,Fool - Take 1,Elvis Presley,Elvis Presley,43ZHCT0cAZBISjO8DG9PnE,4zUZv055gk4daN0VusN3gw,Sunset Boulevard,236241,False,5,https://open.spotify.com/track/5uuVyAcgZfgQLbqeakRIre
6BjBeFuTXnLzC6ztSTBVBJ,Always On My Mind - Take 2,Elvis Presley,Elvis Presley,43ZHCT0cAZBISjO8DG9PnE,4zUZv055gk4daN0VusN3gw,Sunset Boulevard,231113,False,6,https://open.spotify.com/track/6BjBeFuTXnLzC6ztSTBVBJ
54Tx4y9Fp0TUpccGjnmnlX,It's A Matter of Time - Takes 1-3,Elvis Presley,Elvis Presley,43ZHCT0cAZBISjO8DG9PnE,4zUZv055gk4daN0VusN3gw,Sunset Boulevard,177173,False,7,https://open.spotify.com/track/54Tx4y9Fp0TUpccGjnmnlX
1ndVrWBlwl5FMsHzUUX8yc,It's A Matter of Time - Take 4,Elvis Presley,Elvis Presley,43ZHCT0cAZBISjO8DG9PnE,4zUZv055gk4daN0VusN3gw,Sunset Boulevard,184891,False,8,https://open.spotify.com/track/1ndVrWBlwl5FMsHzUUX8yc
4Mqoos5fMvZ2BYk2r1mpJ8,Fairytale - Take 2,Elvis Presley,Elvis Presley,43ZHCT0cAZBISjO8DG9PnE,4zUZv055gk4daN0VusN3gw,Sunset Boulevard,212488,False,9,https://open.spotify.com/track/4Mqoos5fMvZ2BYk2r1mpJ8
2XmlleTDjKTozelQKe87vI,"Green, Green Grass of Home - Takes 2 and 3",Elvis Presley,Elvis Presley,43ZHCT0cAZBISjO8DG9PnE,4zUZv055gk4daN0VusN3gw,Sunset Boulevard,247235,False,10,https://open.spotify.com/track/2XmlleTDjKTozelQKe87vI
3TmhOFHOYBLxzSlKFP8oO3,And I Love You So - Take 2,Elvis Presley,Elvis Presley,43ZHCT0cAZBISjO8DG9PnE,4zUZv055gk4daN0VusN3gw,Sunset Boulevard,223830,False,11,https://open.spotify.com/track/3TmhOFHOYBLxzSlKFP8oO3
5kT2e1qWjKsc04SZXV2CYz,Susan When She Tried - Takes 1 and 2,Elvis Presley,Elvis Presley,43ZHCT0cAZBISjO8DG9PnE,4zUZv055gk4daN0VusN3gw,Sunset Boulevard,234574,False,12,https://open.spotify.com/track/5kT2e1qWjKsc04SZXV2CYz
1GFSgK60awajaEhQQ0dwwh,T-R-O-U-B-L-E - Take 1,Elvis Presley,Elvis Presley,43ZHCT0cAZBISjO8DG9PnE,4zUZv055gk4daN0VusN3gw,Sunset Boulevard,184330,False,13,https://open.spotify.com/track/1GFSgK60awajaEhQQ0dwwh
23kx7m9Hk1N26JmwYQCZCF,Tiger Man,Elvis Presley,Elvis Presley,43ZHCT0cAZBISjO8DG9PnE,4zUZv055gk4daN0VusN3gw,Sunset Boulevard,192838,False,14,https://open.spotify.com/track/23kx7m9Hk1N26JmwYQCZCF
5KRHqox68Xlwhb16sWXufh,Shake a Hand - Take 2,Elvis Presley,Elvis Presley,43ZHCT0cAZBISjO8DG9PnE,4zUZv055gk4daN0VusN3gw,Sunset Boulevard,214406,False,15,https://open.spotify.com/track/5KRHqox68Xlwhb16sWXufh
5vIrR7qmUNRrJvrrUu2ZQg,Bringin' It Back - Takes 2 and 3,Elvis Presley,Elvis Presley,43ZHCT0cAZBISjO8DG9PnE,4zUZv055gk4daN0VusN3gw,Sunset Boulevard,207589,False,16,https://open.spotify.com/track/5vIrR7qmUNRrJvrrUu2ZQg
3oRuNF20M4LGHQLykqOK6i,Pieces of My Life - Takes 2 and 3,Elvis Presley,Elvis Presley,43ZHCT0cAZBISjO8DG9PnE,4zUZv055gk4daN0VusN3gw,Sunset Boulevard,260769,False,17,https://open.spotify.com/track/3oRuNF20M4LGHQLykqOK6i
0VweZoGz0kkSecOOpNFxfj,That's All Right - Rehearsal,Elvis Presley,Elvis Presley,43ZHCT0cAZBISjO8DG9PnE,4zUZv055gk4daN0VusN3gw,Sunset Boulevard,154783,False,1,https://open.spotify.com/track/0VweZoGz0kkSecOOpNFxfj
2MNFMzBjCEswjiAH0vbIxw,I Got A Woman - Rehearsal,Elvis Presley,Elvis Presley,43ZHCT0cAZBISjO8DG9PnE,4zUZv055gk4daN0VusN3gw,Sunset Boulevard,142086,False,2,https://open.spotify.com/track/2MNFMzBjCEswjiAH0vbIxw
1yoM1J1OQ8ZxnrmKk57dGJ,I Got A Woman - Rehearsal 2,Elvis Presley,Elvis Presley,43ZHCT0cAZBISjO8DG9PnE,4zUZv055gk4daN0VusN3gw,Sunset Boulevard,71252,False,3,https://open.spotify.com/track/1yoM1J1OQ8ZxnrmKk57dGJ
36BBV4Q1131RWjFo33KRH3,The Wonder Of You - Rehearsal,Elvis Presley,Elvis Presley,43ZHCT0cAZBISjO8DG9PnE,4zUZv055gk4daN0VusN3gw,Sunset Boulevard,316916,False,4,https://open.spotify.com/track/36BBV4Q1131RWjFo33KRH3
6E97scWFuoeWPflkZMy576,I've Lost You - Rehearsal,Elvis Presley,Elvis Presley,43ZHCT0cAZBISjO8DG9PnE,4zUZv055gk4daN0VusN3gw,Sunset Boulevard,234515,False,5,https://open.spotify.com/track/6E97scWFuoeWPflkZMy576
1PH4lXODd1X4GdSfDsuz2R,The Next Step Is Love - Rehearsal,Elvis Presley,Elvis Presley,43ZHCT0cAZBISjO8DG9PnE,4zUZv055gk4daN0VusN3gw,Sunset Boulevard,199687,False,6,https://open.spotify.com/track/1PH4lXODd1X4GdSfDsuz2R
0Rfbq5DMTJQAqQci6ZEVud,Stranger In The Crowd - Rehearsal,Elvis Presley,Elvis Presley,43ZHCT0cAZBISjO8DG9PnE,4zUZv055gk4daN0VusN3gw,Sunset Boulevard,227533,False,7,https://open.spotify.com/track/0Rfbq5DMTJQAqQci6ZEVud
2Q4m2kmqjS4nTGhv0cyPKF,You've Lost That Loving Feeling - Rehearsal,Elvis Presley,Elvis Presley,43ZHCT0cAZBISjO8DG9PnE,4zUZv055gk4daN0VusN3gw,Sunset Boulevard,243591,False,8,https://open.spotify.com/track/2Q4m2kmqjS4nTGhv0cyPKF
7weIONAxtNQY50DIw8tjYV,Something - Rehearsal,Elvis Presley,Elvis Presley,43ZHCT0cAZBISjO8DG9PnE,4zUZv055gk4daN0VusN3gw,Sunset Boulevard,172642,False,9,https://open.spotify.com/track/7weIONAxtNQY50DIw8tjYV
4bcu5kIWtgrdOYrpH6cJE3,Don't Cry Daddy - Rehearsal,Elvis Presley,Elvis Presley,43ZHCT0cAZBISjO8DG9PnE,4zUZv055gk4daN0VusN3gw,Sunset Boulevard,187359,False,10,https://open.spotify.com/track/4bcu5kIWtgrdOYrpH6cJE3
79FNvZNT4BDe2vhp0Z2fYj,Don't Cry Daddy - Rehearsal 2,Elvis Presley,Elvis Presley,43ZHCT0cAZBISjO8DG9PnE,4zUZv055gk4daN0VusN3gw,Sunset Boulevard,168398,False,11,https://open.spotify.com/track/79FNvZNT4BDe2vhp0Z2fYj
3hrq1V5fCYNeSN1cWUbieu,You Don't Have To Say You Love Me - Rehearsal,Elvis Presley,Elvis Presley,43ZHCT0cAZBISjO8DG9PnE,4zUZv055gk4daN0VusN3gw,Sunset Boulevard,165065,False,12,https://open.spotify.com/track/3hrq1V5fCYNeSN1cWUbieu
1CuPbW0eTG5N6DDUVNgsT2,Polk Salad Annie - Rehearsal,Elvis Presley,Elvis Presley,43ZHCT0cAZBISjO8DG9PnE,4zUZv055gk4daN0VusN3gw,Sunset Boulevard,265794,False,13,https://open.spotify.com/track/1CuPbW0eTG5N6DDUVNgsT2
56a6pNwYyeJWYzZ9G6SI89,Bridge Over Troubled Water - Rehearsal,Elvis Presley,Elvis Presley,43ZHCT0cAZBISjO8DG9PnE,4zUZv055gk4daN0VusN3gw,Sunset Boulevard,270620,False,14,https://open.spotify.com/track/56a6pNwYyeJWYzZ9G6SI89
3Cg4k072dqpwMiZskddjfK,I Can't Stop Loving You - Rehearsal,Elvis Presley,Elvis Presley,43ZHCT0cAZBISjO8DG9PnE,4zUZv055gk4daN0VusN3gw,Sunset Boulevard,133005,False,15,https://open.spotify.com/track/3Cg4k072dqpwMiZskddjfK
5NaTDDxPcOnBy14z47Hu9o,Just Pretend - Rehearsal,Elvis Presley,Elvis Presley,43ZHCT0cAZBISjO8DG9PnE,4zUZv055gk4daN0VusN3gw,Sunset Boulevard,253821,False,16,https://open.spotify.com/track/5NaTDDxPcOnBy14z47Hu9o
5DnRFBItQJWTx0WZY2ZCfE,I'll Never Stand In Your Way,Elvis Presley,Elvis Presley,43ZHCT0cAZBISjO8DG9PnE,0gv5aiVS1WBUZOKeb7YawE,Platinum - A Life In Music,121533,False,1,https://open.spotify.com/track/5DnRFBItQJWTx0WZY2ZCfE
1eSc5OfkKjYeFzuan1Ijfi,That's All Right - Alternate Take,Elvis Presley,Elvis Presley,43ZHCT0cAZBISjO8DG9PnE,0gv5aiVS1WBUZOKeb7YawE,Platinum - A Life In Music,126306,False,2,https://open.spotify.com/track/1eSc5OfkKjYeFzuan1Ijfi
70u0k0yAzw0D2OWYF73SN1,Blue Moon - Alternate Take,Elvis Presley,Elvis Presley,43ZHCT0cAZBISjO8DG9PnE,0gv5aiVS1WBUZOKeb7YawE,Platinum - A Life In Music,192640,False,3,https://open.spotify.com/track/70u0k0yAzw0D2OWYF73SN1
5yZQXR98v0kvhYQ7Adn8PK,Good Rockin' Tonight,Elvis Presley,Elvis Presley,43ZHCT0cAZBISjO8DG9PnE,0gv5aiVS1WBUZOKeb7YawE,Platinum - A Life In Music,131866,False,4,https://open.spotify.com/track/5yZQXR98v0kvhYQ7Adn8PK
0XuxTcdmmdkQFMP0QYrp2C,Mystery Train,Elvis Presley,Elvis Presley,43ZHCT0cAZBISjO8DG9PnE,0gv5aiVS1WBUZOKeb7YawE,Platinum - A Life In Music,144626,False,5,https://open.spotify.com/track/0XuxTcdmmdkQFMP0QYrp2C
4IRcbUilRcV1zHh0hhLeSU,I Got a Woman - Alternate Take,Elvis Presley,Elvis Presley,43ZHCT0cAZBISjO8DG9PnE,0gv5aiVS1WBUZOKeb7YawE,Platinum - A Life In Music,144933,False,6,https://open.spotify.com/track/4IRcbUilRcV1zHh0hhLeSU
1jM01OmBsQmbPfxXLp7zyG,Heartbreak Hotel - Alternate Take 6,Elvis Presley,Elvis Presley,43ZHCT0cAZBISjO8DG9PnE,0gv5aiVS1WBUZOKeb7YawE,Platinum - A Life In Music,134933,False,7,https://open.spotify.com/track/1jM01OmBsQmbPfxXLp7zyG
0SZAaMDzcf0V2z90FxRBCg,I'm Counting On You - Alternate Take 13,Elvis Presley,Elvis Presley,43ZHCT0cAZBISjO8DG9PnE,0gv5aiVS1WBUZOKeb7YawE,Platinum - A Life In Music,149160,False,8,https://open.spotify.com/track/0SZAaMDzcf0V2z90FxRBCg
2koHCjA78elnUvNbyl2GkU,"Shake, Rattle and Roll / Flip, Flop and Fly",Elvis Presley,Elvis Presley,43ZHCT0cAZBISjO8DG9PnE,0gv5aiVS1WBUZOKeb7YawE,Platinum - A Life In Music,129066,False,9,https://open.spotify.com/track/2koHCjA78elnUvNbyl2GkU
5GcvKwFJHJpzkXSAlkGHHt,"Lawdy, Miss Clawdy - Alternate Take 1",Elvis Presley,Elvis Presley,43ZHCT0cAZBISjO8DG9PnE,0gv5aiVS1WBUZOKeb7YawE,Platinum - A Life In Music,140733,False,10,https://open.spotify.com/track/5GcvKwFJHJpzkXSAlkGHHt
679F7SgsmKeRzkBIIJpHj4,"I Want You, I Need You, I Love You - Alternate Take 4",Elvis Presley,Elvis Presley,43ZHCT0cAZBISjO8DG9PnE,0gv5aiVS1WBUZOKeb7YawE,Platinum - A Life In Music,166706,False,11,https://open.spotify.com/track/679F7SgsmKeRzkBIIJpHj4
122CyjRplR3EgJ4fKw1ZE2,Hound Dog,Elvis Presley,Elvis Presley,43ZHCT0cAZBISjO8DG9PnE,0gv5aiVS1WBUZOKeb7YawE,Platinum - A Life In Music,154906,False,12,https://open.spotify.com/track/122CyjRplR3EgJ4fKw1ZE2
1MUsWVRPLaC7ANKcEiMRCl,Don't Be Cruel,Elvis Presley,Elvis Presley,43ZHCT0cAZBISjO8DG9PnE,0gv5aiVS1WBUZOKeb7YawE,Platinum - A Life In Music,121960,False,13,https://open.spotify.com/track/1MUsWVRPLaC7ANKcEiMRCl
2M1d57PhKEl7zLZiI2MqR6,Rip It Up - Alternate Take 15,Elvis Presley,Elvis Presley,43ZHCT0cAZBISjO8DG9PnE,0gv5aiVS1WBUZOKeb7YawE,Platinum - A Life In Music,130400,False,14,https://open.spotify.com/track/2M1d57PhKEl7zLZiI2MqR6
7oalbFZyfHnpteygftj4NW,Love Me Tender,Elvis Presley,Elvis Presley,43ZHCT0cAZBISjO8DG9PnE,0gv5aiVS1WBUZOKeb7YawE,Platinum - A Life In Music,196840,False,15,https://open.spotify.com/track/7oalbFZyfHnpteygftj4NW
6QK2bSLWq3en7h9BsC1O4T,When the Saints Go Marching In,Elvis Presley,Elvis Presley,43ZHCT0cAZBISjO8DG9PnE,0gv5aiVS1WBUZOKeb7YawE,Platinum - A Life In Music,81826,False,16,https://open.spotify.com/track/6QK2bSLWq3en7h9BsC1O4T
6A28sLdLOf9vohN5LVl5KR,All Shook Up,Elvis Presley,Elvis Presley,43ZHCT0cAZBISjO8DG9PnE,0gv5aiVS1WBUZOKeb7YawE,Platinum - A Life In Music,117360,False,17,https://open.spotify.com/track/6A28sLdLOf9vohN5LVl5KR
29hUhuaV7E05HWpPcR66UQ,(There'll Be) Peace In the Valley (For Me) - Alternate Take 3,Elvis Presley,Elvis Presley,43ZHCT0cAZBISjO8DG9PnE,0gv5aiVS1WBUZOKeb7YawE,Platinum - A Life In Music,202533,False,18,https://open.spotify.com/track/29hUhuaV7E05HWpPcR66UQ
07yPKQIKkRcih399iMkQel,Blueberry Hill,Elvis Presley,Elvis Presley,43ZHCT0cAZBISjO8DG9PnE,0gv5aiVS1WBUZOKeb7YawE,Platinum - A Life In Music,200600,False,19,https://open.spotify.com/track/07yPKQIKkRcih399iMkQel
5NS9aGspF2LGiM5dpvdwgh,(Let Me Be Your) Teddy Bear,Elvis Presley,Elvis Presley,43ZHCT0cAZBISjO8DG9PnE,0gv5aiVS1WBUZOKeb7YawE,Platinum - A Life In Music,105973,False,20,https://open.spotify.com/track/5NS9aGspF2LGiM5dpvdwgh
452KBpASS5lZLeJWX9Ixub,Jailhouse Rock,Elvis Presley,Elvis Presley,43ZHCT0cAZBISjO8DG9PnE,0gv5aiVS1WBUZOKeb7YawE,Platinum - A Life In Music,146933,False,21,https://open.spotify.com/track/452KBpASS5lZLeJWX9Ixub
2HmoXkoUnG6irsDRWeKiBS,New Orleans,Elvis Presley,Elvis Presley,43ZHCT0cAZBISjO8DG9PnE,0gv5aiVS1WBUZOKeb7YawE,Platinum - A Life In Music,118693,False,22,https://open.spotify.com/track/2HmoXkoUnG6irsDRWeKiBS
3WY7XT42Xx38KxZErAGq4X,I Need Your Love Tonight - Alternate Take 7,Elvis Presley,Elvis Presley,43ZHCT0cAZBISjO8DG9PnE,0gv5aiVS1WBUZOKeb7YawE,Platinum - A Life In Music,121093,False,23,https://open.spotify.com/track/3WY7XT42Xx38KxZErAGq4X
76IbZZm1eEnlCIE9zwI3VM,A Big Hunk O' Love - Alternate Take 4,Elvis Presley,Elvis Presley,43ZHCT0cAZBISjO8DG9PnE,0gv5aiVS1WBUZOKeb7YawE,Platinum - A Life In Music,132333,False,24,https://open.spotify.com/track/76IbZZm1eEnlCIE9zwI3VM
4SnAxz59cBbI3GCTXYTGr4,Bad Nauheim Medley: I'll Take You Home Again Kathleen / I Will Be True / It's Been So Long Darling / Apron Strings / There's No Tomorrow,Elvis Presley,Elvis Presley,43ZHCT0cAZBISjO8DG9PnE,0gv5aiVS1WBUZOKeb7YawE,Platinum - A Life In Music,246160,False,25,https://open.spotify.com/track/4SnAxz59cBbI3GCTXYTGr4
4CztQckkyknWT9MxYtSaIa,Stuck On You,Elvis Presley,Elvis Presley,43ZHCT0cAZBISjO8DG9PnE,0gv5aiVS1WBUZOKeb7YawE,Platinum - A Life In Music,145133,False,1,https://open.spotify.com/track/4CztQckkyknWT9MxYtSaIa
1JYHxnY7RZsJeB7K5gi5ze,Fame and Fortune,Elvis Presley,Elvis Presley,43ZHCT0cAZBISjO8DG9PnE,0gv5aiVS1WBUZOKeb7YawE,Platinum - A Life In Music,144826,False,2,https://open.spotify.com/track/1JYHxnY7RZsJeB7K5gi5ze
6yP3V5FXNNJU8Z441vxhCV,It's Now or Never,Elvis Presley,Elvis Presley,43ZHCT0cAZBISjO8DG9PnE,0gv5aiVS1WBUZOKeb7YawE,Platinum - A Life In Music,193906,False,3,https://open.spotify.com/track/6yP3V5FXNNJU8Z441vxhCV
7M7vi2HWCVJ7exy3aUnLUf,It Feels So Right,Elvis Presley,Elvis Presley,43ZHCT0cAZBISjO8DG9PnE,0gv5aiVS1WBUZOKeb7YawE,Platinum - A Life In Music,129933,False,4,https://open.spotify.com/track/7M7vi2HWCVJ7exy3aUnLUf
4U8gAFFSXkJYCg8kgWLQMy,A Mess of Blues - Alternate Take 1,Elvis Presley,Elvis Presley,43ZHCT0cAZBISjO8DG9PnE,0gv5aiVS1WBUZOKeb7YawE,Platinum - A Life In Music,164173,False,5,https://open.spotify.com/track/4U8gAFFSXkJYCg8kgWLQMy
4xUqqie4bBKufHtlMuZS3k,Are You Lonesome Tonight?,Elvis Presley,Elvis Presley,43ZHCT0cAZBISjO8DG9PnE,0gv5aiVS1WBUZOKeb7YawE,Platinum - A Life In Music,186666,False,6,https://open.spotify.com/track/4xUqqie4bBKufHtlMuZS3k
2Y1XRX8E1z8C9Gyq4RDcu1,Reconsider Baby,Elvis Presley,Elvis Presley,43ZHCT0cAZBISjO8DG9PnE,0gv5aiVS1WBUZOKeb7YawE,Platinum - A Life In Music,219386,False,7,https://open.spotify.com/track/2Y1XRX8E1z8C9Gyq4RDcu1
4KDsIAJGmsrCOJmaWTCAqo,Tonight Is So Right for Love - Alternate Take 3,Elvis Presley,Elvis Presley,43ZHCT0cAZBISjO8DG9PnE,0gv5aiVS1WBUZOKeb7YawE,Platinum - A Life In Music,135306,False,8,https://open.spotify.com/track/4KDsIAJGmsrCOJmaWTCAqo
10Mr0PGbWBan6JamfqeiZG,His Hand In Mine - Alternate Take 2,Elvis Presley,Elvis Presley,43ZHCT0cAZBISjO8DG9PnE,0gv5aiVS1WBUZOKeb7YawE,Platinum - A Life In Music,195866,False,9,https://open.spotify.com/track/10Mr0PGbWBan6JamfqeiZG
4gDWYlvysbbP4Y3JIoOOOf,Milky White Way - Alternate Take 3,Elvis Presley,Elvis Presley,43ZHCT0cAZBISjO8DG9PnE,0gv5aiVS1WBUZOKeb7YawE,Platinum - A Life In Music,150493,False,10,https://open.spotify.com/track/4gDWYlvysbbP4Y3JIoOOOf
7gI4t5paVWSyqmpI4UnCrh,I'm Comin' Home - Alternate Take 3,Elvis Presley,Elvis Presley,43ZHCT0cAZBISjO8DG9PnE,0gv5aiVS1WBUZOKeb7YawE,Platinum - A Life In Music,144960,False,11,https://open.spotify.com/track/7gI4t5paVWSyqmpI4UnCrh
78tOmQ4SBFrmqEG7V5lFen,I Feel So Bad - Alternate Take 1,Elvis Presley,Elvis Presley,43ZHCT0cAZBISjO8DG9PnE,0gv5aiVS1WBUZOKeb7YawE,Platinum - A Life In Music,176266,False,12,https://open.spotify.com/track/78tOmQ4SBFrmqEG7V5lFen
6ExiCTyMCtKaA0hxYKOzV7,Can't Help Falling in Love,Elvis Presley,Elvis Presley,43ZHCT0cAZBISjO8DG9PnE,0gv5aiVS1WBUZOKeb7YawE,Platinum - A Life In Music,178493,False,13,https://open.spotify.com/track/6ExiCTyMCtKaA0hxYKOzV7
4PyCIDYWo77EaN2S2qOcTU,Something Blue - Alternate Take,Elvis Presley,Elvis Presley,43ZHCT0cAZBISjO8DG9PnE,0gv5aiVS1WBUZOKeb7YawE,Platinum - A Life In Music,184973,False,14,https://open.spotify.com/track/4PyCIDYWo77EaN2S2qOcTU
7KjnQSee00KUalnb5WenlZ,"Return to Sender - From ""Girls! Girls! Girls!""",Elvis Presley,Elvis Presley,43ZHCT0cAZBISjO8DG9PnE,0gv5aiVS1WBUZOKeb7YawE,Platinum - A Life In Music,125560,False,15,https://open.spotify.com/track/7KjnQSee00KUalnb5WenlZ
7Env87zHC9iXHtCjZaRLku,Bossa Nova Baby - Alternate Take 2,Elvis Presley,Elvis Presley,43ZHCT0cAZBISjO8DG9PnE,0gv5aiVS1WBUZOKeb7YawE,Platinum - A Life In Music,134066,False,16,https://open.spotify.com/track/7Env87zHC9iXHtCjZaRLku
03e5Wuw5pEHsk07d9f1f16,How Great Thou Art - Alternate Take 4,Elvis Presley,Elvis Presley,43ZHCT0cAZBISjO8DG9PnE,0gv5aiVS1WBUZOKeb7YawE,Platinum - A Life In Music,175000,False,17,https://open.spotify.com/track/03e5Wuw5pEHsk07d9f1f16
5n4lYGNYMlY8fY1rOC9HSn,Guitar Man - Alternate Take 4,Elvis Presley,Elvis Presley,43ZHCT0cAZBISjO8DG9PnE,0gv5aiVS1WBUZOKeb7YawE,Platinum - A Life In Music,145240,False,18,https://open.spotify.com/track/5n4lYGNYMlY8fY1rOC9HSn
6LUbdIN5CxEnsm6P59eK8o,You'll Never Walk Alone - Alternate Take 2,Elvis Presley,Elvis Presley,43ZHCT0cAZBISjO8DG9PnE,0gv5aiVS1WBUZOKeb7YawE,Platinum - A Life In Music,220573,False,19,https://open.spotify.com/track/6LUbdIN5CxEnsm6P59eK8o
3wFFDoIUCC1pbeQEIxtGbU,Oh How I Love Jesus,Elvis Presley,Elvis Presley,43ZHCT0cAZBISjO8DG9PnE,0gv5aiVS1WBUZOKeb7YawE,Platinum - A Life In Music,96733,False,20,https://open.spotify.com/track/3wFFDoIUCC1pbeQEIxtGbU
243BlZWv6pJbsU83aEoOLA,Tennessee Waltz,Elvis Presley,Elvis Presley,43ZHCT0cAZBISjO8DG9PnE,0gv5aiVS1WBUZOKeb7YawE,Platinum - A Life In Music,79893,False,21,https://open.spotify.com/track/243BlZWv6pJbsU83aEoOLA
1QvS51CiYpdVWWCZkAWB1L,Blowin' In the Wind,Elvis Presley,Elvis Presley,43ZHCT0cAZBISjO8DG9PnE,0gv5aiVS1WBUZOKeb7YawE,Platinum - A Life In Music,124760,False,22,https://open.spotify.com/track/1QvS51CiYpdVWWCZkAWB1L
3lLywYMB7iufB8NlgjnYqD,I Can't Help It (If I'm Still In Love with You),Elvis Presley,Elvis Presley,43ZHCT0cAZBISjO8DG9PnE,0gv5aiVS1WBUZOKeb7YawE,Platinum - A Life In Music,113066,False,23,https://open.spotify.com/track/3lLywYMB7iufB8NlgjnYqD
4Nf1e63P8RMrDX2umlEmDJ,I'm Beginning to Forget You,Elvis Presley,Elvis Presley,43ZHCT0cAZBISjO8DG9PnE,0gv5aiVS1WBUZOKeb7YawE,Platinum - A Life In Music,53800,False,24,https://open.spotify.com/track/4Nf1e63P8RMrDX2umlEmDJ
1uDeYxiH04xpfRigybL0Eo,After Loving You,Elvis Presley,Elvis Presley,43ZHCT0cAZBISjO8DG9PnE,0gv5aiVS1WBUZOKeb7YawE,Platinum - A Life In Music,145933,False,25,https://open.spotify.com/track/1uDeYxiH04xpfRigybL0Eo
